,CAND_ID,avgdonation
0,H0NH02181,1314.316037735849
1,H0IA04145,1784.2592592592594
2,S0KS00232,2042.0204081632653
3,P00013417,594.0
4,H0VA03124,347.22222222222223
5,H0MN05210,2375.438596491228
6,H4NY11138,1103.235294117647
7,H0TX11198,181.87058823529412
8,H6KY01110,1516.5833333333333
9,S0FL00338,354.1914893617021
10,H0GA09170,250.0
11,H0NY17190,2565.0
12,H0AL05163,1860.6153846153845
13,H0PA01309,1865.6097560975609
14,H8VA01147,823.1842105263158
15,H0TX32079,2179.1666666666665
16,H0NV03116,1300.0
17,H0CA25220,2800.0
18,H6TX15162,603.1538461538462
19,P00013433,2125.0
20,H8CA34068,575.0
21,H6PR00082,1642.7307692307693
22,H0VA09121,34.5
23,H0NV03132,1517.9150943396226
24,H8VA11070,495.0
25,H0NM02229,2224.710743801653
26,S0MT00173,581.596777568529
27,H0NC03172,1081.25
28,H2OH17109,1292.4597701149426
29,H0IL03117,500.0
30,H2TX31044,617.0658307210032
31,H8NJ05136,1183.3333333333333
32,H8NJ02166,1825.7349397590363
33,H0TX13228,1103.8461538461538
34,H2TN07103,2467.6470588235293
35,H0CA03078,285.43939393939394
36,H8CA41170,208.03389830508473
37,H0CT02199,911.4782608695652
38,S4SD00049,1423.109649122807
39,H0NY01202,1035.2261904761904
40,H0MN04049,1951.6129032258063
41,S0WY00160,2800.0
42,H8CA12098,1532.0812182741117
43,H0GA07265,1320.0
44,H8TX02166,257.0548987854251
45,H0NY05070,450.0
46,S0ID00180,386.4166666666667
47,H0OR02127,1415.423076923077
48,H2CA33048,1088.888888888889
49,H0TX17195,2016.6666666666667
50,H2CA20094,573.043890865955
51,S2TN00058,2072.222222222222
52,S6PA00217,1393.2307692307693
53,H4CA11081,463.61889250814335
54,H0CA10073,226.25
55,H0TX22302,628.7666666666667
56,S2VA00142,2006.9767441860465
57,H0KS03244,606.875
58,H8NY27176,1814.2857142857142
59,H0GA07208,555.4
60,H0CA31129,713.6363636363636
61,S8ID00027,1454.5454545454545
62,H0CA18068,1235.516129032258
63,H0CA25113,2476.470588235294
64,H0WI03142,2800.0
65,H6FL07140,1663.5263157894738
66,S0NC00327,2800.0
67,H0MI03282,1091.5238095238096
68,S8NJ00483,2800.0
69,H0NY17208,2700.0
70,H0MN03132,250.0
71,H0SC05056,735.3448275862069
72,H2NV04045,2700.0
73,H0IN08213,437.22222222222223
74,H0NY25094,1074.3333333333333
75,S4LA00107,1455.3640350877192
76,H0TX13137,2800.0
77,H4NY04075,1178.5714285714287
78,S0KY00156,2046.862745098039
79,S0NM00116,2500.0
80,H8CT05245,580.8286713286714
81,H8AL02171,2706.6666666666665
82,H0DC00058,1521.4285714285713
83,H0NJ05174,2416.6666666666665
84,H8NY07046,-61.36363636363637
85,H0FL02086,1700.0
86,H8MI08102,1218.5776965265081
87,H0FL03159,2400.0
88,H0NY11094,2800.0
89,H0MN03124,2104.054054054054
90,H4PA21069,1000.0
91,H8PA10147,1184.2857142857142
92,H0VA11127,841.0714285714286
93,H0WI01120,2100.0
94,P40003824,192.5
95,H0NY16143,1242.4883720930231
96,H0OR05104,1168.5714285714287
97,H8MA08170,1025.0
98,H0IN05326,1483.75
99,P00006486,466.62310973245445
100,H2CA15094,606.5750708215297
101,H0VA05160,620.253164556962
102,S4IA00129,267.339353400223
103,H8NM01331,492.1189189189189
104,H4TX10093,1204.0340136054422
105,H6LA04138,2169.5652173913045
106,H8SC04276,1500.0
107,H0MD01216,1800.0
108,H0GA07299,2800.0
109,H8TX32098,460.2648018648019
110,H0TX01108,554.6923076923077
111,H0OH12179,411.0990338164251
112,H0NC09187,677.7119341563786
113,H0NJ03203,2800.0
114,S8WV00119,212.95
115,H8SC04250,1126.0869565217392
116,H2NY06116,1677.4489795918366
117,H6CA44145,581.8181818181819
118,S0TN00144,1783.4804469273743
119,H4NJ12149,1382.8125
120,H8IL09190,793.3333333333334
121,H8VA05114,1722.7777777777778
122,H0FL04157,1190.945945945946
123,H8FL27086,1711.0
124,S8TX00459,1701.9710144927535
125,H0FL23108,1375.0
126,H8CA16065,3679.5
127,H0FL19080,2280.0545454545454
128,H2AZ09035,504.5945945945946
129,H4NY24073,1106.7843137254902
130,P60017852,43.0
131,P00012039,112.76
132,H8PA18199,659.79375
133,H2UT04023,1000.0
134,S2ND00099,481.74074074074076
135,S6CA00584,1218.3424657534247
136,P00010298,382.1021077283372
137,H8IN05188,250.0
138,P00009191,476.0
139,P00014209,497.1666666666667
140,S6IL00334,15.0
141,H0VA10160,2045.2380952380952
142,H0CT05192,261.0
143,S0AL00156,226.39219213816676
144,H0FL13125,525.0
145,H0CA16120,582.1960784313726
146,H6CA05195,2174.0
147,H2SD00068,112.25
148,H0WV03151,186.66666666666666
149,S4PA00121,1316.0174825174824
150,H8NY19058,2024.1964285714287
151,H8MD01094,919.55
152,S0NJ00258,644.3636363636364
153,H0UT01171,2800.0
154,H6CA44103,408.53846153846155
155,H0OH04093,172.47058823529412
156,H8KS03155,1186.0357142857142
157,H8TN06094,2350.0
158,H0CA53131,2100.0
159,H0KY06104,1691.8150684931506
160,H0CA22094,2800.0
161,H0OK05262,2750.0
162,H0CA43108,122.56448694753166
163,H8CA29100,355.1875
164,H6FL02208,2368.75
165,H8IL14083,1653.4965034965035
166,S0TX00324,1202.5
167,H0WA08103,2133.3333333333335
168,H6CA46116,796.9387755102041
169,H0FL22050,1051.875
170,H8TX21307,430.89098532494756
171,S6OR00110,835.8450704225352
172,H0OR02168,2648.7375
173,H0AL02152,1200.0
174,H6OH08315,1044.34375
175,H0IL14197,1266.6666666666667
176,S8MS00196,2170.0
177,H0IL14163,2148.5714285714284
178,H0FL17068,2800.0
179,H8CA45130,105.80906186465292
180,S0CO00567,1675.0
181,H8TX06035,301.3157894736842
182,S4MS00120,1165.0
183,H0IA01174,776.9414893617021
184,H0VA06044,408.8666666666667
185,S8ID00092,1591.7826086956522
186,H4TX24094,1788.7272727272727
187,H8WI01156,1799.0055865921788
188,H0TX24191,2112.5
189,H6NY22098,1985.1851851851852
190,S0KY00339,204.63790760869566
191,H8CA22139,375.0
192,S0TX00233,1822.759493670886
193,H0VA04064,350.0
194,S8MI00281,1542.857142857143
195,P00012567,84.0
196,H8TX07140,761.1276324186343
197,H8TX22313,860.0755364806867
198,H8IL16153,1307.05
199,H0NY16135,2800.0
200,H4PA13199,932.6595744680851
201,S8RI00177,-900.0
202,S2WA00189,601.3
203,H0TX22161,125.0
204,H4NY21079,498.9704433497537
205,H6VT00160,1991.6666666666667
206,H4IN01012,2566.6666666666665
207,H6FL18097,520.9712918660288
208,H4GA12051,1816.4285714285713
209,H0CA40138,375.0
210,H0FL21078,2622.1875
211,S6ID00104,236.15384615384616
212,H8TX16109,592.339393939394
213,S0KS00240,1785.9649122807018
214,S2MA00170,352.74666666666667
215,H4NC06052,2242.1052631578946
216,H0NY24063,780.7908496732026
217,H8OH05036,1067.148148148148
218,S0TN00169,2495.3322475570035
219,H8VA06104,1416.949152542373
220,H6PA02171,228.11111111111111
221,H6GA04129,85.81818181818181
222,H0TX21148,312.4957827607488
223,S6MT00162,720.0
224,P00015297,1.0
225,H2IL02172,534.9357798165138
226,H0TX05125,93.75
227,H0WA08046,1375.342105263158
228,H8CA08120,2424.0
229,H0TX02080,1890.909090909091
230,H8TX25159,177.31724137931033
231,H8CA10209,576.77030162413
232,H4IL12060,721.7340425531914
233,H6CA24303,1194.295081967213
234,H8MN03077,1500.0
235,H0MN02134,2200.0
236,H0NC02109,275.0
237,S6MN00267,439.6666666666667
238,P00006528,150.0
239,H0IN03230,233.33333333333334
240,H0PA13114,656.7142857142857
241,H6PA08277,849.4418604651163
242,H0FL19122,2280.8333333333335
243,H6MD03292,1726.4375
244,H0TX06099,407.96389891696754
245,H0KS01198,2411.764705882353
246,S6AZ00258,2700.0
247,H6MI01226,2266.4444444444443
248,H8GU01046,5600.0
249,H6NE03115,915.0
250,H8FL03046,2066.6666666666665
251,H0MI08141,2800.0
252,H0NY02192,732.8529411764706
253,H0TN07255,2200.1
254,H0CA08127,400.0
255,S8ND00120,366.0
256,H8ND00096,1691.6666666666667
257,S6WY00068,2233.3333333333335
258,H0GA07323,1104.3478260869565
259,H0WI05113,1600.0
260,H0IL14213,1680.0
261,H8NY02104,750.0
262,H0NC11233,678.370786516854
263,S8MN00586,1000.0
264,H8FL08102,175.0
265,S8VA00297,1600.0
266,H8MA02041,2147.2727272727275
267,H8MO08098,1560.0
268,H8NY24090,460.23372781065086
269,H4IA03115,943.8604651162791
270,H8FL06122,2186.046511627907
271,H0OH01081,2170.4827586206898
272,H8MN01279,1991.903409090909
273,H0GA07257,2454.5454545454545
274,H0GA01060,261.0
275,H0MD07106,2725.0
276,H0IL15129,1695.3947368421052
277,H0MI03274,2800.0
278,H4WI06048,1199.5967741935483
279,H0NY22083,2400.0
280,H2CA43245,584.8855421686746
281,H0NC07124,2800.0
282,H8CA39240,304.4433388612493
283,H0FL26036,2583.3333333333335
284,H0TN01134,1933.3333333333333
285,H0UT01163,500.0
286,H0NJ02197,1000.0
287,H8NH01210,1507.195652173913
288,H8CO02269,4698.0
289,H0IL17083,679.1347517730496
290,H6WA04141,1950.0
291,H4GA01039,810.3539823008849
292,H0TX22245,2200.0
293,H2TX03126,2253.846153846154
294,H0NJ07279,1535.2777777777778
295,H0KS03137,500.0
296,H0NY27108,2233.8888888888887
297,H0GA12059,260.0
298,H0NY19196,1583.3333333333333
299,H0IN01168,200.0
300,S0CO00211,120.0
301,H0OR02135,2628.5714285714284
302,S0KS00349,2768.4210526315787
303,H0PA08221,1203.125
304,H0OR05096,158.4
305,H4NJ09095,1713.8461538461538
306,H0WA03187,1689.0338983050847
307,H0TX22153,2800.0
308,S2WI00219,256.546875
309,H8CA05035,59.61530238735383
310,H0CA50145,948.2105263157895
311,H0MI02201,572.9
312,H2SC07066,2098.3870967741937
313,H0OH04085,1000.0
314,H0KS02188,1871.0666666666666
315,S0IL00527,2200.0
316,H0NC03149,251.55369127516778
317,S0GA00617,113.5
318,H0NC02133,2200.0
319,H0TX16122,300.0
320,H8CO03192,976.7777777777778
321,H8AZ01237,1962.5
322,H8IN04140,161.1818181818182
323,S4NJ00250,2200.0
324,H0CA50111,2720.0
325,H8IA01094,868.113808801214
326,H2IL13120,395.49056603773585
327,H0NY10146,1220.0
328,H2OH02085,682.1122994652407
329,H0MA10082,2200.0
330,H0GA06168,2412.5
331,H0PA10128,2800.0
332,H4MT01033,2550.0625
333,H4FL26038,430.0
334,H8FL15230,1599.6666666666667
335,S2IN00091,400.0
336,H8KS02199,1855.8214285714287
337,H0KS01222,1900.0
338,H0PA08205,2800.0
339,H0IL14080,1212.5
340,H0FL15104,2800.0
341,H6FL09179,1662.5
342,H0CA04175,584.6855895196506
343,H8AL04086,292.7142857142857
344,H0MI07150,1190.6382978723404
345,H0NM03110,1182.9255319148936
346,H2TX27190,932.1428571428571
347,H0VA10186,556.6315789473684
348,S0IA00200,941.6923076923077
349,H0MA08037,771.4285714285714
350,H0CA52083,1732.9
351,H0NY03083,2571.4285714285716
352,H2FL23021,2120.0
353,H0MA04184,1160.375
354,H0IN05250,1175.0
355,H0CA50178,303.5265306122449
356,H6NJ13191,587.5
357,H6CO01141,1956.25
358,H0TX24175,1344.5555555555557
359,H8MA07032,1046.2394366197184
360,H8GA13027,462.4
361,H2CA52089,208.8643761301989
362,S0AR00218,193.33333333333334
363,S0WV00215,212.95
364,H0SC02061,309.5206611570248
365,H0OR04099,586.2666666666667
366,H4MA03022,838.2608695652174
367,H0LA01087,176.83522142121524
368,S8TN00311,1297.6850828729282
369,H0WA01124,250.0
370,H4PA12043,200.0
371,P00014407,69.0225988700565
372,H8IL15072,94.66666666666667
373,H0OH01099,646.7479892761394
374,H2MI05119,1600.0
375,H6AZ05125,247225.0
376,S0ND00093,845.0
377,H8MD06168,2018.75
378,S4VT00033,81.2
379,H6FL22081,612.3333333333334
380,S6NH00091,389.71491228070175
381,H8TX23147,0.0
382,H8GA08118,800.5
383,H8LA03037,700.0
384,H0MA08045,1150.0
385,H8CA50098,88.39287481444829
386,H8MA03171,0.0
387,H0CA37167,337.8333333333333
388,H6MN07304,728.0
389,S0CA00199,200.0
390,H2NY17071,591.6901408450705
391,H2NV02395,1214.3055555555557
392,H0PA01325,483.24183006535947
393,H0KY03259,2800.0
394,H0CA25147,2800.0
395,H8NY19181,1129.9151061173534
396,H8CA01257,103.40041067761807
397,H6AZ05083,1858.0645161290322
398,H2CA08164,2572.7272727272725
399,H0WI01104,2800.0
400,H0PA08239,1000.0
401,H8MN07102,250.0
402,H0TX31147,2200.0
403,H0AZ01408,1500.0
404,P00015941,664.4444444444445
405,P60022043,20.0
406,H0CT05234,2800.0
407,H8VA02111,999.5125899280575
408,H6NJ08118,978.3454545454546
409,H0FL01153,4000.0
410,H8NJ03073,1529.3561643835617
411,S6UT00063,0.0
412,H6MI04113,1785.9016393442623
413,S8UT00176,2275.0
414,H6FL13205,1990.952380952381
415,H0NY14247,1030.6842105263158
416,H0NY10112,129.0
417,H0TX12261,100.0
418,H0NY02234,358.3333333333333
419,H2TX23082,1615.936170212766
420,H4NY27076,1338.4615384615386
421,H0TX11230,2067.608695652174
422,H0GA14030,2800.0
423,H0VA07109,1260.3333333333333
424,H0WV02179,409.5419847328244
425,H0FL05170,2800.0
426,H4NC10047,1681.132075471698
427,S0OH00133,1991.304347826087
428,S4GA11285,977.5619955979457
429,H4CA45089,360.7329192546584
430,H6GA03113,636.3362068965517
431,H0OH07146,1000.0
432,H0NY11078,1389.0232558139535
433,P00009795,375.29944751381214
434,H8KY02031,1381.25
435,H8CA10126,423.5801265155509
436,H0CO05145,300.0
437,S8WA00194,862.5
438,H0CO06119,2229.4615384615386
439,H8NY19215,2700.0
440,H0CA03144,2171.8571428571427
441,H6IN09176,1275.0
442,H8KS04112,2027.0266666666666
443,H0KS03236,2003.0487804878048
444,H8NY23183,508.8186046511628
445,H4AR04048,1124.4845360824743
446,H0TX24159,1281.081081081081
447,H0NM03227,2800.0
448,H6MN02131,1504.3796296296296
449,H0NM03185,2191.304347826087
450,H0NY27116,1770.0
451,H2CA36439,182.81291390728478
452,H0IL16184,745.1666666666666
453,H8MD01177,15.666666666666666
454,P00009910,638.2663847780127
455,H0NY02200,2184.6153846153848
456,P00013524,235.93194122196442
457,H0PA11183,85.85714285714286
458,H0CA08101,341.961
459,S0KY00396,1635.3863636363637
460,H0NC10193,300.0
461,H0FL07143,2014.0
462,H0FL27026,200.0
463,H0TX32087,1098.1317204301076
464,H6FL04105,2452.777777777778
465,H8IN06129,418.04744525547443
466,S0NM00066,2035.08
467,H0IN07256,697.1875
468,P00011999,1463.307116104869
469,H4NY18109,110.0
470,H8AK00140,810.6626016260162
471,H0KS03228,2300.875
472,H6KY03124,1830.0
473,H8CO02160,1129.710843373494
474,H0VA05145,624.1421052631579
475,P00011866,7.457386363636363
476,H2IA05072,1464.0
477,H0NJ02171,1543.061224489796
478,H4CA23011,540.2941176470588
479,H0DC01015,468.75
480,H0IL04081,500.0
481,H8NJ02232,891.6666666666666
482,H2MD02160,593.1282051282051
483,S6OH00163,645.0566037735849
484,S8TX00285,326.85121951219514
485,H8IL06139,235.24527296937416
486,S0IA00028,1283.3589743589744
487,H0TN01076,2800.0
488,H8CA04152,238.09343434343435
489,P00012716,2053.1458333333335
490,H0TX17161,1500.0
491,H0CA34131,374.59574468085106
492,H0MI08166,2800.0
493,H2SC02059,1328.2051282051282
494,H8WV03048,500.0
495,H8SC05158,1773.6363636363637
496,P00013185,216.0
497,H0CA10263,1240.3333333333333
498,H0CA25154,623.0181818181818
499,H0NY15293,2800.0
500,P80006117,438.8910891089109
501,H0IL15194,226.60714285714286
502,H0MI11145,2800.0
503,H0TX13145,200.0
504,H6IL11133,2700.0
505,H8VA05155,1651.25
506,H8NJ04014,1851.5806451612902
507,H8OH16090,223.0909090909091
508,S0KS00257,2177.0204081632655
509,H2OH03125,1143.44
510,H8PA15260,2800.0
511,H8NY12145,10.0
512,P00009621,78.94958333333334
513,H0MN07109,2720.0
514,H0AR03055,1450.0
515,H2MI14111,1379.8
516,H2OK04055,2469.230769230769
517,H0WA06099,259.85714285714283
518,H0IA02164,333.3333333333333
519,S0KY00321,1004.4615384615385
520,H8OH01118,249.0
521,H0FL19171,2633.3333333333335
522,H6TX08100,2119.969325153374
523,H8MT01182,1662.5
524,S0KY00420,166.36122448979592
525,H8FL22061,250.0
526,H8AL03062,1393.3333333333333
527,H0OH11106,150.0
528,S8MN00636,3005.5
529,H8WV03097,1792.857142857143
530,H0FL19197,1933.3333333333333
531,H8ME02185,1257.4363636363637
532,H0NV04049,207.42857142857142
533,S4NE00090,1684.4669117647059
534,S4IA00152,90.0
535,S0IL00543,650.0
536,H0CA53115,1947.509900990099
537,H0NC08254,589.2206654991244
538,H0TX22260,1000.0
539,H8FL27193,2671.733333333333
540,H8CO06294,30952.5
541,H2CA31125,143.12718204488777
542,H0OH02139,543.9204545454545
543,H0TX28069,561.1111111111111
544,S0CO00500,2328.5645933014353
545,H0MN04197,250.0
546,H0VA08198,437.5
547,H0CA25105,427.6144
548,H6CO07023,1227.2727272727273
549,H8NC08109,135.80882352941177
550,S6NV00200,404.59722222222223
551,H0OR04107,219.9546485260771
552,H0TN01084,2138.4615384615386
553,H0IL11052,923.5099337748344
554,H6OR03064,657.8225806451613
555,H8AZ01104,944.5652173913044
556,H8NC13067,873.4599542334096
557,H0TX35015,2377.6041666666665
558,H8OH16108,1268.904255319149
559,H8ID02064,1705.5555555555557
560,H0NV04080,933.3333333333334
561,H0VA07158,2432.1794871794873
562,H6NY03247,1947.203007518797
563,H8NY21203,357.83870967741933
564,H8IN04199,1333.3333333333333
565,H8TX14120,211.47368421052633
566,H6NE02125,693.6852791878173
567,H8FL27037,2331.818181818182
568,H0FL07184,2800.0
569,H8CA49058,405.8060394889663
570,H8GA06393,544.7590634441087
571,S0WY00137,2102.777777777778
572,S0TX00258,1407.0
573,H0IN02190,1422.7941176470588
574,H0GA07224,2445.4545454545455
575,H0KY02095,609.4285714285714
576,H4GA11061,350.0
577,H8VA10106,1421.1069651741293
578,S8WV00143,-93.75
579,H8FL17053,1735.7142857142858
580,H8WI06098,1500.0
581,H0RI02139,1369.0
582,H0VA10194,2717.6470588235293
583,S8NM00200,2475.0
584,S0NH00326,2048.265306122449
585,H8NH02275,1442.857142857143
586,H0NY01186,1564.1104294478528
587,H8MN08068,495.0
588,H0MO01066,2457.1428571428573
589,H0PA08197,2800.0
590,H0TX02098,2800.0
591,S0IL00618,566.6666666666666
592,H8TX22107,2409.3333333333335
593,H8WI05165,2333.3333333333335
594,H0NJ02148,2071.7391304347825
595,H6NV04020,1094.621380846325
596,H2NY22139,1472.6889763779527
597,H0MA01081,1564.090909090909
598,H8NM02156,1507.7567567567567
599,H0OR02150,1601.0526315789473
600,H8OH16124,1812.4333333333334
601,H6MD08457,416.0421052631579
602,H0TX32111,5825.0
603,H0MI13471,2800.0
604,S0VA00146,1070.8252427184466
605,H8MP00041,1623.3333333333333
606,S2NV00183,1305.5357142857142
607,H8NY20056,1750.0
608,H0UT04035,2771.4285714285716
609,H6MD08549,2018.75
610,H8MI11338,2700.0
611,H0NM03201,500.0
612,S0TX00266,158.7377049180328
613,P00012054,1427.0526315789473
614,H0CA34115,1884.6666666666667
615,H0CA28182,277.8027027027027
616,S0NY00410,2350.0
617,H8CA12262,98.28833693304536
618,H8PA04116,523.4050632911392
619,H2FL13139,-766.6666666666666
620,H0CA03128,471.5068493150685
621,H0GA14048,1541.6666666666667
622,H8NM02248,559.4209702660407
623,H8MA09046,108.0
624,H0TX11263,2800.0
625,S2HI00106,922.2916666666666
626,H0CO03157,2053.448275862069
627,H8CO06229,1209.5112359550562
628,H8NY01148,888.6852517985611
629,H0MS04120,719.35
630,H2NY10092,1683.0288461538462
631,H2GA12121,1357.375
632,S0MO00183,1689.2916666666667
633,S0TX00332,1000.0
634,H4NE01064,970.7481481481482
635,H0AZ01259,2050.0
636,H2MO02102,2167.7860696517414
637,H8PA13133,108.5
638,S0NH00235,-600.0
639,H2OH14064,1314.8513513513512
640,H0TX02106,651.5411877394636
641,S0WI00197,617.8571428571429
642,H4MN06087,2086.6341463414633
643,H0NV04015,1143.4366197183099
644,H4AL06098,1987.9130434782608
645,H0IN01135,1341.159090909091
646,H4TX19136,2154.5454545454545
647,H8CA52037,2033.3333333333333
648,S8MO00160,2350.0232558139537
649,H0FL07119,2800.0
650,H0NY29054,1757.2988505747126
651,H8NH02283,2533.3333333333335
652,H0MI03126,2210.714285714286
653,H0CA20122,490.85
654,P00011239,674.6538461538462
655,S0IA00150,2780.769230769231
656,H0TX03112,2090.75
657,H0WA10018,43.666666666666664
658,H0WI03175,2626.470588235294
659,H6NC04037,259.8615384615385
660,H8OK01157,2318.0555555555557
661,H6TX12060,2046.423076923077
662,H0HI02155,1915.357142857143
663,P00009423,845.7718670076727
664,H0TX07188,2800.0
665,H6WA07458,1784.4812030075188
666,H0TN01118,2800.0
667,H0NE01120,304.60669456066944
668,H0NV04056,2760.0
669,H6CO03139,1786.1016949152543
670,H0CT05200,583.72
671,H0FL18207,662.5
672,S8NV00156,257.84183673469386
673,H4NC01046,906.25
674,H0NC06225,2600.0
675,H0TX31048,2152.0
676,H0IL10351,500.5
677,H0NY14346,2665.6624203821657
678,H0PA12199,625.0
679,H0NY15178,2200.1428571428573
680,H4AR02141,1105.5358490566039
681,H0UT02310,2800.0
682,S0MN00328,2029.8529411764705
683,H8NY10099,1442.0
684,H8AR03074,1330.0
685,H0NY19188,194.75
686,H0NH01282,2016.5087719298247
687,H0NY04123,2800.0
688,H0IL14189,2434.7368421052633
689,H8CA34266,899.7647058823529
690,H2NV04011,1034.1772727272728
691,H6TX24149,2200.0
692,H2TX00015,2033.3333333333333
693,H8MI01149,50.0
694,H0UT01205,2542.8571428571427
695,S0WV00090,2600.0
696,H0FL15088,1946.96
697,H0TN03254,2332.608695652174
698,H0OH01115,121.53333333333333
699,H0MI03308,2211.387323943662
700,H8SC07071,198.0
701,H2NC08185,1166.7249190938512
702,H6VA01117,1812.5
703,H6MI07223,55281.5
704,H0VA02118,1460.8686868686868
705,H8PA06087,717.7832310838446
706,H0UT04027,3292.3333333333335
707,H0CA27085,69.91713190287213
708,H0CA15262,1850.0
709,H0FL22118,1866.6666666666667
710,H8UT04053,582.2174320524836
711,S8NY00082,1892.0263157894738
712,H0NV04031,2800.0
713,H0NC09286,323.5311475409836
714,H8AZ08158,1851.4285714285713
715,H0SC04281,274.70588235294116
716,H0NY17315,96.0
717,H0WA10042,2170.222222222222
718,H6MD07020,1350.0
719,H0AR01083,708.1521739130435
720,H0ND01042,505.6666666666667
721,H0MD07387,976.0
722,S0ME00145,2236.7567567567567
723,H0CO05129,2080.0
724,H8NY19223,-279.3103448275862
725,S6WY00126,837.5
726,P00008003,349.5
727,S0KS00299,2560.8695652173915
728,S8AZ00197,746.7901785714286
729,H6CA48245,2700.0
730,H0TX10216,2331.818181818182
731,P00009183,560.1817490494296
732,H2CA28113,844.9160305343512
733,H4MA06090,2135.946107784431
734,P00010835,125.0
735,H2WA06129,1318.2843137254902
736,H8ID01215,34.0
737,H2NY13096,1635.7142857142858
738,H0NY24055,1369.0697674418604
739,H8MS03125,1470.5128205128206
740,S0SC00289,129.07947050627033
741,H0AL01055,1279.264705882353
742,H0IL06052,2787.5
743,H8PA07200,538.9601769911504
744,H0FL19205,2110.0
745,H2CA02142,614.828947368421
746,S6IL00151,194.67846607669617
747,H8TN04099,112.0
748,H0TX19068,540.4615384615385
749,H0VA05178,1951.3513513513512
750,H8TX05144,2224.6153846153848
751,S0IA00176,405.84088792300525
752,H0FL26028,2444.4444444444443
753,H2FL14053,1616.8266666666666
754,H6IN03229,1003.4722222222222
755,H0AL02145,828.0632411067194
756,H8IL14067,408.66062602965405
757,H0TX21114,1375.0
758,H2OH09031,1178.0
759,H0TX07170,735.4223500410847
760,H0TX36013,2577.777777777778
761,S8MN00578,1522.8991596638655
762,H2FL06109,-2700.0
763,H0NY14270,1026.25
764,H8NY25105,1061.6279069767443
765,H8NV03036,738.8490566037735
766,H0GA07232,1983.3333333333333
767,H4NC12100,880.6060606060606
768,S0CO00518,2154.5
769,S0CO00450,2800.0
770,H6FL18121,2800.0
771,H6CA22125,85.8555737704918
772,H0MN07091,2016.3934426229507
773,H0MO07113,1833.3333333333333
774,H0MD06231,499.5111111111111
775,H8FL18010,1410.0
776,H4CO04090,2800.0
777,H8OK05109,1317.1070234113713
778,H2AZ08102,-1148.5714285714287
779,S0MA00208,2193.323717948718
780,H0AZ06068,2200.0
781,H0WA03161,627.6861313868613
782,H0TX03120,1590.909090909091
783,H0IN05219,672.4195804195804
784,P00011833,829.9634551495017
785,H2MD05155,1990.909090909091
786,H6CA31134,22772.333333333332
787,H8IA03124,660.2775229357799
788,H0FL08208,2550.0
789,H0TX22278,687.75
790,S6RI00221,1621.875
791,H0MN05251,250.0
792,S4AK00099,1497.0588235294117
793,H6IA02146,2450.0
794,H0AL02202,400.0
795,S6GA00119,1047.142857142857
796,H0MT00090,2233.7179487179487
797,H0GA09220,312.5
798,H2PA04135,702.8676470588235
799,H0PA10110,665.2846580406655
800,H8FL07088,1900.0
801,H2FL25018,2271.4285714285716
802,H4PA18131,1895.4545454545455
803,H8CT01046,650.0
804,H0CA26145,154.0807799442897
805,H0MO04086,2112.5
806,S8AZ00221,684.7530772099963
807,H0RI01073,1334.3058823529411
808,H0NY02267,2009.090909090909
809,H0IN05268,250.0
810,H6WA07425,5000.0
811,H0PA05102,225.0
812,H0NM01197,1962.5
813,H0CA06162,2800.0
814,H0CA27127,487.5
815,H0PA17107,2800.0
816,H0CA35146,883.3333333333334
817,S0IA00168,1004.0
818,H8MS04438,721.0
819,H4TX09095,659.0384615384615
820,H0CT03163,112.42857142857143
821,S0NH00334,2474.6222222222223
822,H2GA13012,1100.0
823,S0NM00124,430.4448717948718
824,H4AL01123,4400.0
825,H0FL19114,2054.75
826,H0FL03233,1933.3333333333333
827,H2CA37023,1439.679487179487
828,H8IL09067,309.2105263157895
829,S0KY00461,25030.0
830,H2GA09150,1918.0666666666666
831,H0IA02156,646.4047619047619
832,S0NM00090,2219.230769230769
833,H0AR02206,271.50657894736844
834,S6NJ00289,2138.3928571428573
835,H2MN07014,2066.294117647059
836,H0PA17099,2800.0
837,H8CO04083,37500.0
838,H0OH09167,650.0
839,S6IL00292,438.0993788819876
840,H0NY15244,705.7692307692307
841,H0NJ04151,2093.3333333333335
842,S0SD00088,2200.0
843,H6WI08155,2421.651282051282
844,H0OK05213,2146.153846153846
845,H0NY18172,1736.6504065040651
846,H8PA18181,711.3484848484849
847,H2NC11080,2214.75
848,S4VT00017,1745.0
849,H2WI02124,554.8387096774194
850,H6TN09068,1610.7142857142858
851,S8DE00079,1500.0
852,H8NY15148,84.4266826923077
853,H8WV01075,550.0
854,H6OH04082,104.78538679153253
855,S0AL00297,900.0
856,H6CA49102,2066.6666666666665
857,H4NJ01084,2103.705882352941
858,S8NM00184,1184.9351851851852
859,H0NJ05190,2232.3529411764707
860,H0TX36021,406.25
861,H2IL01042,1442.857142857143
862,H0NC03248,267.14285714285717
863,H0GA14097,311.1111111111111
864,S0AL00289,1652.2727272727273
865,H8NY01155,5584.902777777777
866,H4VA10089,-983.2
867,H6AK00045,1092.9295774647887
868,H0GA13131,310.0
869,S4GA11103,411.7647058823529
870,H0GA06192,2270.0
871,H6FL23063,32.1283422459893
872,H0MA04192,1185.7142857142858
873,H6DE00206,907.0
874,H8MN05239,878.8014184397163
875,H0WA10034,934.4583333333334
876,H8WA03198,1673.549180327869
877,H0AL02194,2800.0
878,H0OH18077,1283.3333333333333
879,S8AL00308,2673.3333333333335
880,P80004765,1.0
881,H0NY14239,318.0
882,H6NC13129,872.8764478764479
883,S0NJ00191,2800.0
884,S2NM00088,99.43478260869566
885,S6IN00191,1723.9130434782608
886,S6MD03441,504.1254752851711
887,H2NJ10154,1400.0
888,S0VA00179,2181.818181818182
889,H0MN08156,1809.5238095238096
890,H8TN02119,2270.2702702702704
891,S8MS00261,623.8829787234042
892,H8MI11320,-1808.3333333333333
893,H8TX02067,1000.0
894,H8CA49108,607.5631067961165
895,P80000722,344.2658867924528
896,H8MI04101,95.0
897,H0UT01114,2400.0
898,H4WI04183,1767.5
899,H0FL03241,2800.0
900,H8IL14174,312.8034304383338
901,H8CA39174,595.3566878980891
902,H8MA03197,-50.0
903,H8CA09060,185.58668730650155
904,H8TX29110,353.8888888888889
905,H2SC07108,10584.6
906,S0AL00230,2187.225
907,H0IL12100,855.7
908,H0OH04119,5159.0
909,P00011338,736.5142857142857
910,H0CA22102,196.69252873563218
911,H0TX02114,278.5
912,H4IL03077,2151.0178571428573
913,H8NC10097,140.20833333333334
914,H8TX16166,200.0
915,H2CA00104,179.91228070175438
916,H2TX26093,1007.3134328358209
917,H8IA04106,456.7991004497751
918,H0SC01394,727.1118721461187
919,H0CA32333,210.0
920,H8TX23121,590.0857572718154
921,H6WY00159,1944.2622950819673
922,H0FL03209,2138.8888888888887
923,H6AL04098,894.9411764705883
924,H0NC06241,457.14285714285717
925,H8WV02107,1819.6363636363637
926,H8NY09158,2136.3636363636365
927,H0UT04092,1400.0
928,H8NY06048,1954.4117647058824
929,H8OK02148,500.0
930,H8MI13250,1252.3823529411766
931,H0CA45095,1647.6
932,H0NY10096,537.5
933,H8AZ02201,2322.222222222222
934,H0KS02170,2800.0
935,H8CA51062,810.1428571428571
936,H8FL27185,2414.285714285714
937,H0IA04129,1000.0
938,S0AZ00350,1237.0302923564636
939,H8AL03054,30.0
940,H0NJ03211,1817.3076923076924
941,H8MN03143,1437.6606060606061
942,S4CO00395,1287.8840579710145
943,H0IL03109,820.0
944,H0MD07122,100.0
945,H0GA14113,2800.0
946,H0IN05276,1872.0714285714287
947,H0AZ01358,184.4
948,H8MI11254,1222.3765432098764
949,H8LA03094,-75.0
950,H4TX10028,1444.5121951219512
951,H0MD05183,38.5
952,H0IA04137,1752.9411764705883
953,H0VA01235,425.51176470588234
954,H0FL19189,2650.0
955,H0PA06175,627.8
956,H8AZ06103,1222.2222222222222
957,H0ME02083,2211.1111111111113
958,H0AL02087,2680.0
959,S4MA00028,1141.708284714119
960,H0NY17281,500.0
961,H4TX04153,2355.8823529411766
962,S8ME00155,3.0
963,H0CT03155,1170.5357142857142
964,H0IN08114,2327.2727272727275
965,H6TX19099,1351.9098360655737
966,S0UT00165,2300.0
967,S0ME00103,334.5925925925926
968,H0AZ08080,100.0
969,S0GA00591,400.0
970,S0CO00286,699.2045454545455
971,H8TN09114,2400.0
972,H4CA16049,673.4525547445255
973,H0MI11129,1817.857142857143
974,H0VA05152,2800.0
975,S0AL00206,2271.301775147929
976,H0WI07101,2800.0
977,H0OK05247,1370.5
978,H0OH03103,1330.581818181818
979,H0TX22310,2792.5925925925926
980,H2AZ07070,2084.375
981,H0CA24157,518.9628647214854
982,P00008193,300.0
983,H0GA05277,834.2105263157895
984,H4IL07037,366.6666666666667
985,H2OR01133,255.8452380952381
986,H4SC01073,200.0
987,S0AL00263,2225.0
988,H8CA40206,30.25
989,H0TX26121,135.0
990,H6FL09070,1640.5853658536585
991,H0NH01290,550.0
992,H0UT04076,2766.6666666666665
993,H0FL13133,2065.5529411764705
994,H8MO09153,2260.0
995,H0NJ05208,785.6551724137931
996,H8MI09118,1564.7727272727273
997,H0NV04064,2200.0
998,H0NC11258,2416.6666666666665
999,H0PA12181,603.2424242424242
1000,H4MI12079,988.7179487179487
1001,H4TX13014,1352.9411764705883
1002,H4MI07103,1706.720430107527
1003,S0CO00575,1926.9228486646884
1004,H0PA18113,250.0
1005,H0NM03078,2800.0
1006,S4OK00083,1982.48730964467
1007,H8CA20059,80.4269297805087
1008,H8UT03238,2694.72
1009,H8NC09123,221.83953334800793
1010,H0FL09081,2800.0
1011,H0NM03193,2200.0
1012,H4FL15155,1133.75
1013,H8IN02177,458.021582733813
1014,H2TX14123,2800.0
1015,H4MI04118,2800.0
1016,H6FL11126,1519.7777777777778
1017,H0TX17104,2800.0
1018,H8TN07076,1211.8243243243244
1019,H0NY17174,905.0535714285714
1020,S4AR00103,141.351096575606
1021,S0GA00393,1504.031914893617
1022,H8TX10185,2054.342105263158
1023,S8TN00386,-263.0
1024,H0WA10083,2200.0
1025,H0ME02075,685.4166666666666
1026,H0GA11036,814.918918918919
1027,H0NM03144,2800.0
1028,H8VA05171,1902.6315789473683
1029,H2CA00120,177.92241379310346
1030,S4OK00232,840.625
1031,S4LA00065,1291.6876574307305
1032,H0CA45087,2636.663212435233
1033,H0IN02232,1600.0
1034,H0NJ10208,2800.0
1035,S0MA00232,2736.0
1036,P00010090,25.0
1037,H6PA16320,1939.21875
1038,S0DE00092,1792.1603053435115
1039,H0FL20120,500.0
1040,H0NY17224,560.0
1041,S0AR00150,1666.6666666666667
1042,H8CA01109,258.11386138613864
1043,H8FL26039,1285.1247357293869
1044,H0AR04087,234.375
1045,H0FL21037,375.0
1046,H8OR02161,500.0
1047,P00016063,2800.0
1048,H0CA08135,1647.0588235294117
1049,S4TX00516,6.5
1050,H2FL08063,2104.464285714286
1051,S6ME00159,1924.0801886792453
1052,P00010793,914.1322081575246
1053,S8MI00372,1143.5219907407406
1054,H0SC03077,313.9626168224299
1055,H8NC02136,292.5
1056,H0NY20111,1024.6521739130435
1057,H6AZ01199,1630.3629032258063
1058,S8MA00268,4699.666666666667
1059,H4CA24142,1250.0
1060,H0MN01045,1573.9453125
1061,H0AZ08072,512.5
1062,S8WI00216,-1181.5
1063,H0MA04143,1486.6666666666667
1064,H8ME01203,4548.0
1065,H0AZ02265,1942.6666666666667
1066,H0MD02230,2400.0
1067,H2TX33040,1648.4
1068,P00013276,1707.142857142857
1069,H0CA10149,896.025641025641
1070,H8NY12129,1003.3823529411765
1071,H2PA17079,1080.1627906976744
1072,H0MI10295,2470.0
1073,H0FL07168,2200.0
1074,H0MI03290,2021.4285714285713
1075,S0DE00191,438.2352941176471
1076,H6FL08213,36.06060606060606
1077,H8DE01044,642.6808510638298
1078,H0WV01072,1857.142857142857
1079,H8WI01131,1350.0
1080,S0LA00345,1725.6
1081,S2CT00132,351.6
1082,H4AS00036,2000.0
1083,H0LA05120,2710.0
1084,H4AZ06045,2038.0434782608695
1085,S0OK00370,1705.75
1086,H0NE02169,1088.888888888889
1087,H0TX32053,848.6666666666666
1088,S0CO00468,2381.2321428571427
1089,H8MI06155,487.5
1090,P00007823,536.0
1091,H8WI09050,2500.0
1092,H8GA06286,1023.9540636042403
1093,H0TX11172,2565.5172413793102
1094,H0MO04235,2800.0
1095,H8KY03211,300.0
1096,H8WA08189,1473.3333333333333
1097,H0OH14084,358.10232558139535
1098,H8SC01116,621.6500356379188
1099,S2TX00106,136.78837646538378
1100,H2IL10068,272.01359703337454
1101,H8MO01143,194.56451612903226
1102,H2VI00082,855.4545454545455
1103,H0NY17273,2128.076923076923
1104,H0IL07159,56.2
1105,H0PA06167,408.0315789473684
1106,H0NV02209,314.40909090909093
1107,H0OH06189,1134.4302325581396
1108,H8MT01232,454.5818882466281
1109,H6NJ05171,2151.9803921568628
1110,H0MO06073,2575.0
1111,H0UT04043,1618.1818181818182
1112,H8LA02054,2622.222222222222
1113,H0TX12246,2648.0
1114,S2MT00096,560.4177419354838
1115,H0IL11110,308.125
1116,H6FL01119,1285.326923076923
1117,P00014126,1857.6666666666667
1118,H0NJ02155,2461.1111111111113
1119,H0GA07273,1158.7972972972973
1120,H8OR05107,957.6923076923077
1121,H0TN04195,2588.8888888888887
1122,S8NE00216,443.0
1123,H8IN06152,519.9473684210526
1124,H4MO08162,2500.0
1125,H8FL13136,2285.8
1126,H8PA08174,2700.0
1127,H0KY06179,928.6899224806201
1128,S0NC00319,800.0
1129,H8FL18028,617.0
1130,H6NJ01204,2071.7391304347825
1131,H0MI02094,2258.3333333333335
1132,H6WA09025,1646.1666666666667
1133,H0LA04099,250.0
1134,H0MA06098,90.0
1135,H0MN02159,1783.3333333333333
1136,S0NM00058,241.350015446401
1137,S0SC00149,295.0593832397111
1138,H8TX10110,498.5576923076923
1139,H0AR03105,127.97910447761194
1140,H8PA09032,2700.0
1141,H8CT04172,655.1728395061729
1142,H8ID02148,1335.111111111111
1143,H8VA11062,791.771812080537
1144,H2OK02083,1965.625
1145,H8FL06148,2068.659090909091
1146,H0VA07125,1893.75
1147,P00011312,1556.4716981132076
1148,H2CT02112,260.39784946236557
1149,H8OH15076,1083.445945945946
1150,S4MI00355,1268.8172823218997
1151,H0AZ07082,2800.0
1152,S6VA00093,1215.3866279069769
1153,H8NJ07223,1074.020979020979
1154,S4SC00240,1466.7578947368422
1155,S0KS00208,2612.3076923076924
1156,H0NJ07261,1767.3389121338912
1157,H0CA53107,475.8960498960499
1158,H0CA25170,2800.0
1159,H0PA04279,457.6530612244898
1160,H4MI04126,1602.8181818181818
1161,H8FL27029,1850.0
1162,H6VA04061,1127.576923076923
1163,H8MI03079,597.96
1164,H0FL13141,2200.0
1165,H2GA02031,949.6086956521739
1166,H0CT03072,642.8687258687258
1167,H8AZ08083,1399.3139534883721
1168,H8OH13154,616.4285714285714
1169,S6RI00163,1210.51875
1170,H8KS02173,103.57142857142857
1171,H0TX24209,920.7427884615385
1172,S0CT00177,1026.6129032258063
1173,H0KY05015,1130.0
1174,H8PR00054,1170.0
1175,H0TX05109,440.7986577181208
1176,S8MA00276,283.3333333333333
1177,H8IL04134,483.39240506329116
1178,H2NC07096,840.2777777777778
1179,H2NC13110,1725.0
1180,H4CA35031,338.45
1181,H0IN05243,1960.0
1182,S8VA00354,1743.5
1183,H0OR03174,100.0
1184,H8PA15229,729.5448275862069
1185,S2SD00068,1099.1666666666667
1186,H2NY00010,1714.2857142857142
1187,H0CO03173,1.0
1188,P00010520,1515.0349650349651
1189,S0AK00196,1768.1761363636363
1190,S0IL00501,200.0
1191,H2TX33073,1196.093023255814
1192,P00016741,650.0
1193,S6IN00175,0.0
1194,H0NC02158,736.6279069767442
1195,H2HI02128,1468.1818181818182
1196,S8MN00552,1000.0
1197,H6FL13197,556.25
1198,H2OH03067,1216.4205607476636
1199,H0OH03129,25.0
1200,H8MI06171,1349.0
1201,H0TX11214,2800.0
1202,H0PA16034,357.76190476190476
1203,P00015537,504.4
1204,H0NM01189,753.939393939394
1205,H6MD07160,1823.9512195121952
1206,S4AK00214,1768.4177449168208
1207,H0GA08099,1330.5555555555557
1208,H0NY05088,5200.0
1209,H6CA24113,1241.111111111111
1210,H0NC11175,219.414442700157
1211,H2PA06114,-2600.0
1212,H0VA08172,82.5
1213,H8NJ03206,1332.1152815013404
1214,H4NC05146,1450.6623376623377
1215,H2MA09072,2340.0
1216,S0KS00323,1593.5273224043715
1217,H8CA48035,381.5299739357081
1218,H6LA03148,2403.5454545454545
1219,H4MO05234,1518.75
1220,H0GA02258,950.0
1221,H0IN01143,200.0
1222,H8CA28185,487.5
1223,S0IL00568,30000.0
1224,H6TX34031,1900.0
1225,H8MI02113,433.3333333333333
1226,H0OH05074,364.9230769230769
1227,S2MD00529,1314.0
1228,H6TN01388,2266.6666666666665
1229,H6NY11174,1675.0
1230,H0AL01089,1751.111111111111
1231,H0IL06060,562.658303464755
1232,H0CA45129,2609.782608695652
1233,H0PA17115,860.3404907975461
1234,H0MA04176,2234.6560509554142
1235,H8TX29052,851.6666666666666
1236,H0OH10116,379.3534303534303
1237,H8NY22151,744.8509433962264
1238,H0NY15269,2800.0
1239,H0TX13129,1584.642857142857
1240,S6AL00195,1637.6623376623377
1241,H0TX33010,300.0
1242,S4OR00156,610.0
1243,H8IL13150,383.94861483467383
1244,H0TX24233,200.0
1245,H0NY14296,321.3225806451613
1246,H0MA06148,1125.0
1247,H4MA05084,1913.8026315789473
1248,H0NM03136,1787.0833333333333
1249,H8OH01043,1196.3190184049079
1250,H0NY14254,506.5217391304348
1251,H0ID01311,407.0192307692308
1252,H0CA48198,1084.9022482893452
1253,H8FL01107,362.70454545454544
1254,H8NY11113,1305.429487179487
1255,P80001571,178.23715651135007
1256,H6MD06212,3000.0
1257,H0FL03175,1671.7
1258,H0NY10070,2502.2727272727275
1259,H6OR04047,264.0
1260,H8IN07184,1628.658536585366
1261,H0NC11191,1866.6666666666667
1262,H0PA07132,1355.7073170731708
1263,S0TN00318,600.0
1264,H0TN03452,2130.0
1265,H8CA49074,1947.509900990099
1266,H0FL19155,2366.6666666666665
1267,H0CA16138,2270.9523809523807
1268,H8CA12171,1200.9259259259259
1269,S0ME00111,1450.56563876652
1270,H0WA06081,200.0
1271,H0TX28077,1600.1612903225807
1272,H4VA08224,1224.7096774193549
1273,H0CA17193,642.7608695652174
1274,H8CT05187,260.0
1275,H0FL22084,1664.2857142857142
1276,H2CA50026,2135.0
1277,H0TX12238,67.0
1278,P00012492,55.4
1279,S0GA00401,1576.3095238095239
1280,H2TN05131,1575.0
1281,H8CA09144,1000.0
1282,H0IL05096,637.561403508772
1283,H6CA20152,685.6567164179105
1284,H8OH11141,684.375
1285,S0MA00182,1258.3333333333333
1286,H0NC11183,2000.0
1287,H6OR02116,683.3333333333334
1288,H0MO02254,2028.421052631579
1289,H6FL13148,2286.453488372093
1290,H8NV02095,2700.0
1291,H0VA02092,2410.375
1292,H0CA45103,2800.0
1293,H8CA25074,1613.4615384615386
1294,H8TX18196,150.0
1295,S0NC00202,333.2539554407491
1296,H0TX23177,2800.0
1297,H0CO03165,1400.0
1298,H0MI03316,765.9587628865979
1299,H8OH12297,353.84615384615387
1300,H4CA12055,736.1423027166883
1301,P00014357,97.3157894736842
1302,H0AZ02190,2322.222222222222
1303,H4CA25123,958.3333333333334
1304,S0MT00132,1920.5357142857142
1305,H0TX32103,2800.0
1306,H0OH11098,1064.2857142857142
1307,H2UT02324,1165.625
1308,H0VA09055,1196.4285714285713
1309,H0MI06152,1086.4307692307693
1310,S0KS00091,1057.1851851851852
1311,H0OH15149,83.82352941176471
1312,H0NY27132,2295.0
1313,H0SC07029,256.60869565217394
1314,H6WI03099,2272.7272727272725
1315,S8FL00273,1467.6470588235295
1316,S4HI00136,1011.1772151898734
1317,H8CA22154,1733.3333333333333
1318,H2KY04121,2276.3888888888887
1319,H2TX35011,193.6745283018868
1320,H8PA13125,1466.0714285714287
1321,S0NH00219,1047.368131868132
1322,H0GA07125,1203.5714285714287
1323,H8TX31033,2200.0
1324,H0TX24183,1040.0
1325,H6MS01131,857.6705882352941
1326,H0NY15186,1500.0
1327,H8NY10081,2773.25
1328,H8MO07223,539.0
1329,H8GA07201,607.56704361874
1330,S4WV00159,1543.1376518218624
1331,H8IA02043,1664.8538461538462
1332,H0UT02302,435.60185185185185
1333,H0TX11248,2500.0
1334,H0MD05225,413.0769230769231
1335,H8TX03123,391.08620689655174
1336,H2NY14037,1862.01652892562
1337,H0NV04072,2428.5714285714284
1338,H8PA05071,1250.7368421052631
1339,H4AZ07043,1773.076923076923
1340,S0NH00300,165.0
1341,H0NY15160,1893.859649122807
1342,S4TX00433,613.6363636363636
1343,H8CA52052,571.5714285714286
1344,H2CA06259,420.73295454545456
1345,H0WA10075,1700.0
1346,H0WV01114,1950.0
1347,H6GA05217,29.816240377452196
1348,S8MS00287,364.5713213213213
1349,H6FL19087,2700.0
1350,H0OK05205,1933.3333333333333
1351,H8ME01120,802.9411764705883
1352,S8NE00182,-1444.0
1353,H8TX27049,691.1336633663366
1354,H8NJ11142,1400.2383561643835
1355,H4NJ05135,128.71428571428572
1356,H8HI01200,-2700.0
1357,H0PA10102,1222.0833333333333
1358,H0MA04267,2700.0
1359,H2IL17071,140.9549504950495
1360,P00013631,20.0
1361,H0WI06186,1491.0
1362,H8OH12180,1119.642857142857
1363,H2NY03089,2099.8888888888887
1364,H0WA10059,2140.0
1365,H0NC02117,97.4
1366,H0TX22187,1552.857142857143
1367,H0KY04133,1350.0
1368,H0CA10271,640.8510638297872
1369,H0NC02083,1966.6666666666667
1370,H0IA02180,1673.5190839694656
1371,H0CA42217,72.91666666666667
1372,H0NY03075,2800.0
1373,H0KS02196,2025.0
1374,H0MS01118,200.0
1375,H0FL26010,1291.1515151515152
1376,H0KS01172,887.8611111111111
1377,H0TX15124,600.0
1378,H8FL15107,1925.9375
1379,H6TX31045,50.0
1380,H0FL16094,1085.7828571428572
1381,H6GA09243,2800.0
1382,H0AL07086,869.5652173913044
1383,H0TX24142,1331.25
1384,H0IL15202,300.0
1385,H0TX26154,1916.6666666666667
1386,H0LA05104,200.0
1387,H0ME01119,194.83333333333334
1388,H0MA04168,1112.3275862068965
1389,H0PA05094,687.5
1390,H0CA48156,1413.75
1391,H4FL20023,2348.1481481481483
1392,H0UT03193,378.97402597402595
1393,H6IL18088,564.1452513966481
1394,H0TX34042,1900.0
1395,H0SC01386,2030.7692307692307
1396,H6NC09200,386.70212765957444
1397,H4WA05077,1646.6785714285713
1398,H0MD07197,445.63953488372096
1399,H0CA32101,1133.139534883721
1400,H0MT00108,363.3333333333333
1401,H0GA11028,375.0
1402,H0MI14230,1041.6666666666667
1403,H4CA20082,1521.2075471698113
1404,H4LA06153,2104.3478260869565
1405,H0CA36185,2800.0
1406,H8MA03106,1702.128205128205
1407,S2NE00094,612.5
1408,H0OK02210,579.8
1409,H0FL08265,1423.0
1410,H8ID01124,1073.75
1411,S0NM00074,2800.0
1412,H8WA01077,2800.0
1413,H0NV04023,1833.3333333333333
1414,S2TX00312,549.4664310954064
1415,H0FL23041,622.3076923076923
1416,H0NY17240,117.5
1417,H0WI07051,1258.4444444444443
1418,S4NJ00185,1660.8825396825396
1419,S8GA00180,396.795223880597
1420,H8SD01055,1182.8513513513512
1421,H0GA09030,2005.5555555555557
1422,H8VA07094,741.4150943396227
1423,H0AZ02232,2101.1111111111113
1424,H0NC02125,532.8497854077253
1425,H0IL07175,2132.3529411764707
1426,H4NY22051,1502.9473684210527
1427,S8OR00207,136.06929590017825
1428,H0CA33117,1253.989417989418
1429,H0MA04200,1782.4285714285713
1430,H0GA06184,2800.0
1431,P00009092,1045.0775401069518
1432,H8TX05086,387.5
1433,H0AZ04535,2200.0
1434,H0MN05178,310.037037037037
1435,H2SC02042,1169.2857142857142
1436,H0NM03102,556.0536912751678
1437,H4MS02068,909.6461538461539
1438,H0FL18199,1203.5714285714287
1439,H8MI13243,1258.3333333333333
1440,H0FL06145,62.916666666666664
1441,H0FL13158,1427.34375
1442,H0FL23090,2800.0
1443,H4TX18054,2280.0
1444,H2AL03032,2050.0416666666665
1445,H0NC03222,200.0
1446,H0IN05201,2333.3333333333335
1447,H0CA09125,353.125
1448,S2KY00012,196.40236311239192
1449,H4WV02080,1157.7134502923977
1450,H8LA03060,107.18181818181819
1451,H0ME02067,2088.4615384615386
1452,H2TX14149,1237.820512820513
1453,H0MI10279,1889.1363636363637
1454,S0TN00227,964.375
1455,S0KS00315,2137.237762237762
1456,H2CA39078,487.6
1457,H0WA10109,2400.0
1458,H0TX23276,2800.0
1459,H0TX23268,2200.0
1460,H0CA53123,2738.0
1461,H4TX04039,1031.875
1462,H0IN01150,629.078947368421
1463,H8MN08043,1262.3015873015872
1464,H6IL08147,755.7242822966507
1465,H0SC01402,200.0
1466,P00010454,2131.1073170731706
1467,H6MD04209,993.9137931034483
1468,H0NY27090,950.0
1469,H0UT04050,2800.0
1470,H0TX24167,1755.595238095238
1471,H0MA04218,40.0
1472,H0NY12175,441.57142857142856
1473,H8AZ09040,1207.8863636363637
1474,H8CA10167,501.4110212335693
1475,H0NY17265,1265.8026315789473
1476,S0DE00183,675.0
1477,H0VA07133,2189.5833333333335
1478,H6CO05159,2500.0
1479,S8IN00171,1200.0
1480,S6KS00080,957.1428571428571
1481,H8FL27110,51.0
1482,H4MT00050,1582.6324786324785
1483,S8TN00337,2016.7826086956522
1484,S4NC00162,349.95762711864404
1485,H0CA09109,1100.0
1486,H0MI11111,1200.0
1487,H4OK06056,2316.6666666666665
1488,S0SD00070,232.58064516129033
1489,H6TX02079,1085.8974358974358
1490,H0CA23167,178.7896551724138
1491,H8TN02176,1021.2972972972973
1492,H0WI06178,250.0
1493,H0KS01123,2703.846153846154
1494,H0FL19221,2541.025641025641
1495,H8TX06233,1276.948717948718
1496,H0KY04117,2800.0
1497,H0MI08133,1433.3333333333333
1498,H0IN09153,130.6875
1499,H0UT01155,2800.0
1500,H0WA02080,1153.3333333333333
1501,H6FL14112,2200.0
1502,H4WA04104,1043.4782608695652
1503,H0NY15194,879.2424242424242
1504,S6MO00305,240.4047619047619
1505,H0TX23086,1045.154761904762
1506,H8VA04026,500.0
1507,H8NE02220,225.34163090128754
1508,H0PA14138,570.5555555555555
1509,H8IL03102,225.35940803382664
1510,H0IL11128,871.4285714285714
1511,H4CA33119,925.7323943661971
1512,H0WI08125,1451.25
1513,S0CO00559,500.0
1514,H0PR01042,117.5
1515,H0TX24274,250.0
1516,P60016342,250.0
1517,H8UT02305,1500.0
1518,H0TX09176,685.8333333333334
1519,H0IN09179,329.3103448275862
1520,S0VA00104,2618.6046511627906
1521,H0PA03271,1264.7727272727273
1522,S0NJ00217,2800.0
1523,H8OK01173,101.11111111111111
1524,H8NY21245,358.8337730870712
