,CAND_ID,avgdonation,sumdonation
0,H6MI12272,300.0,600.0
1,H6CA02234,2700.0,2700.0
2,H0NH02181,305.6628329297821,504955.0
3,H6AR02245,630.0,6300.0
4,S6NV00028,1750.7427536231885,483205.0
5,H6IL06117,688.1768707482993,606972.0
6,H8UT03089,1607.0944881889764,204101.0
7,H4NY11138,677.3790322580645,83995.0
8,H6KY01110,1071.9924812030076,142575.0
9,S0FL00338,328.2757199933411,7887809.0
10,H6FL01176,460.67241379310343,26719.0
11,H6SC07018,538.1578947368421,20450.0
12,H0AL05163,901.1206896551724,104530.0
13,H6AS00031,1331.4583333333333,31955.0
14,S4GA11277,796.875,6375.0
15,H4SC01271,600.0,4200.0
16,H8VA01147,649.789029535865,154000.0
17,H6TX15162,1212.7428571428572,127338.0
18,S4SD00056,250.0,250.0
19,S6FL00343,2354.344827586207,341380.0
20,H8CA34068,671.7555555555556,30229.0
21,H0FL20070,1903.0,1903.0
22,H6FL27015,500.0,500.0
23,H6PR00082,984.2544731610338,495080.0
24,H2OH17109,1151.7593984962407,153184.0
25,H2TX31044,877.8840579710145,181722.0
26,S0LA00071,640.1130434782609,73613.0
27,H2TN07103,1150.3976608187133,393436.0
28,S2ME00109,1100.0,15400.0
29,H0CA03078,225.22272727272727,1189176.0
30,H6TX17093,450.7755102040816,22088.0
31,H6TX32043,2066.6666666666665,6200.0
32,H6FL06191,2700.0,59400.0
33,S4SD00049,2292.3076923076924,29800.0
34,H0MN04049,805.7878787878788,132955.0
35,H8CA12098,1185.4102564102564,277386.0
36,H2CT01189,1550.0,3100.0
37,H6FL18113,1392.0615384615385,90484.0
38,S6MD03474,213.41044776119404,28597.0
39,S8IN00049,792.1242955541641,2530045.0
40,H6GA03105,250.0,250.0
41,S0AR00036,2700.0,2700.0
42,H6WI01176,2000.0,4000.0
43,H2CA33048,1141.1444444444444,102703.0
44,H2OK01143,584.9495798319327,69609.0
45,H2CA20094,883.3701492537314,591858.0
46,S2TN00058,2380.0,11900.0
47,H4FL11071,255.30769230769232,6638.0
48,S6PA00217,1280.4938271604938,311160.0
49,H4TX22163,425.0,2550.0
50,H4CA11081,505.97472924187724,280310.0
51,H0CA10073,463.18725099601596,116260.0
52,S2VA00142,1559.8971631205675,439891.0
53,H6OH06152,357.14285714285717,2500.0
54,H4CA52051,-800.0,-2400.0
55,H4FL02062,2048.6878306878307,387202.0
56,H4LA05221,770.5078125,98625.0
57,S8ID00027,1059.559462254395,1024594.0
58,S6AL00302,335.45454545454544,7380.0
59,H2AZ04143,247.3170731707317,10140.0
60,H2FL20043,1241.2857142857142,17378.0
61,H4PA07092,283.40562248995985,70568.0
62,H6FL07140,628.4439102564103,392149.0
63,H6NH01230,394.70426065162906,314974.0
64,H6PA05141,402.0,1608.0
65,P60021425,14.0,28.0
66,H2NV04045,1127.5317577548005,763339.0
67,H6WA01170,2154.5,21545.0
68,H6OH08182,574.5670103092783,55733.0
69,S4LA00107,1908.1216216216217,141201.0
70,H6TX21228,254.74242424242425,16813.0
71,H4NY04075,1239.5283582089553,415242.0
72,S0KY00156,374.79847756410254,935497.0
73,S6CA00741,2303.5,133603.0
74,H0DC00058,1056.2388059701493,70768.0
75,H6IN09168,2700.0,2700.0
76,S8AK00082,575.9473684210526,21886.0
77,H8NY07046,843.9832402234637,302146.0
78,H4NY19115,6200.0,31000.0
79,H0FL02086,492.70526315789476,46807.0
80,H4NY20121,12700.0,12700.0
81,H8NM01257,478.1745602165088,353371.0
82,S6AL00310,1942.25,15538.0
83,H2NV00050,424.928125,679885.0
84,H6CA53054,482.02777777777777,17353.0
85,H6MD04183,2633.3333333333335,7900.0
86,H6NY03254,2071.4285714285716,14500.0
87,H6WV03091,1003.6585365853658,41150.0
88,H0CA08069,7500.0,15000.0
89,H6VA06140,500.0,3500.0
90,H2CA15094,490.2195448460509,366194.0
91,S4IA00129,626.0,31300.0
92,H8NY24066,2700.0,10800.0
93,H6IL08154,25.0,25.0
94,S2VT00136,180.0,900.0
95,H6LA04138,919.4925925925926,248263.0
96,H4TX10093,1009.0645879732739,453070.0
97,H6VA02115,785.3333333333334,4712.0
98,H4PA15087,905.7063197026023,243635.0
99,S8MS00055,1122.0070422535211,159325.0
100,H6PA11073,541.75,21670.0
101,H2NY06116,900.608552631579,273785.0
102,H4NJ12149,327.9941291585127,167605.0
103,H6NY24169,1362.5,10900.0
104,H6NY13170,350.0,1050.0
105,H0FL19080,1560.8379888268157,279390.0
106,H2AZ09035,2475.0,99000.0
107,H4NY24073,739.8920634920635,466132.0
108,H2UT04023,124.72427287149657,1179268.0
109,H4VA02052,444.44444444444446,4000.0
110,H4NY29098,599.7314285714285,104953.0
111,S6LA00375,1175.375,84627.0
112,H4MO07131,342.85714285714283,2400.0
113,S2ND00099,1515.2777777777778,54550.0
114,S6CA00584,518.7440188568062,4401543.0
115,H2IL20042,684.1206349206349,215498.0
116,H4NH01219,2446.9767441860463,105220.0
117,H0DE01017,2700.0,5400.0
118,P60021102,246.1685393258427,21909.0
119,H4NC01095,30.0,30.0
120,S6IL00334,620.0,3100.0
121,P80003338,45.0,45.0
122,S0IN00095,2120.0535714285716,237446.0
123,S4PA00121,339.9530322797862,8077624.0
124,H6KS04165,649.4415584415584,50007.0
125,H6FL01218,2340.0,35100.0
126,H2CA35100,2076.5789473684213,512915.0
127,H6CA05195,1153.8,57690.0
128,H6CA52114,2042.857142857143,57200.0
129,H6CA14114,750.0,750.0
130,H4FL08085,13033.0,13033.0
131,H2TX10113,800.0,1600.0
132,H8CA34126,2136.3636363636365,23500.0
133,S6MD03458,1701.2883435582821,554620.0
134,H4LA06088,150.0,150.0
135,P60005915,772.5972550875532,1632498.0
136,H8NY19058,1316.8650793650793,331850.0
137,H6NY18203,785.4108527131783,101318.0
138,H8MD01094,443.91395793499044,232167.0
139,H0IN04170,1254.4326018808777,400164.0
140,H6CA44103,378.7573883161512,551092.0
141,H2CT05172,300.0,300.0
142,S6AL00013,1827.5757575757575,301550.0
143,H0KY06104,806.9270386266095,564042.0
144,S4NE00140,75268.5,451611.0
145,H6CA11169,2700.0,2700.0
146,H4LA05080,408.7647058823529,6949.0
147,H4NV04017,1127.2659932659933,334798.0
148,H6CA23206,297.38461538461536,3866.0
149,H6CO04160,211.24444444444444,28518.0
150,H6FL02208,1126.1136363636363,148647.0
151,H0OK05130,2400.0,2400.0
152,H4OH14102,521.1142857142858,182390.0
153,S6MO00362,204.99908568816252,7174763.0
154,H6CA46116,797.3968253968254,150708.0
155,H2FL14160,7800.0,7800.0
156,H6IN09135,2125.0,17000.0
157,S6OR00110,846.9294732259469,1945397.0
158,H6OH08315,996.0298507462686,66734.0
159,S8MS00196,2260.0,11300.0
160,S4NC00089,923.6828382132934,4321912.0
161,H6VA05118,441.36179146256126,630706.0
162,H0FL17068,1770.8333333333333,21250.0
163,H6TN05322,1146.7368421052631,65364.0
164,H0ID01253,812.68,101585.0
165,H0MA09027,3337.0,6674.0
166,H6IL15084,2241.6666666666665,53800.0
167,H6NJ09231,1630.3818181818183,89671.0
168,H6KS01179,552.4489795918367,81210.0
169,S8ID00092,1900.0,7600.0
170,H4TX24094,1168.3333333333333,70100.0
171,H4KY01073,300.0,1800.0
172,H8CA41139,686.6666666666666,2060.0
173,H6NY22098,2618.5185185185187,70700.0
174,S8MI00281,2311.027149321267,510737.0
175,H6NY05051,750.0,750.0
176,H2NJ02037,845.3948717948718,164852.0
177,H0NH01225,2547.3684210526317,48400.0
178,H4PA13199,946.9298245614035,107950.0
179,S2WA00189,406.9261041902605,1437263.0
180,H6NY22114,2625.0,147000.0
181,P60021243,2.5384615384615383,33.0
182,S6CA00683,816.6666666666666,19600.0
183,H4NY21079,652.3898573692552,411658.0
184,H6VT00160,1143.2857142857142,80030.0
185,H6FL18097,349.1651606425703,695537.0
186,H4IN01012,1090.3508771929824,124300.0
187,H4OH07049,406.4074074074074,10973.0
188,H4CA31071,526.6363636363636,202755.0
189,S6CT05108,707.6138613861386,142938.0
190,H6TN08185,2700.0,27000.0
191,S6ID00104,121.25,970.0
192,S2MA00170,835.5120481927711,138695.0
193,H4NC06052,816.5333333333333,171472.0
194,H8OH05036,572.9870967741936,177626.0
195,H6PA02171,574.8857715430862,286868.0
196,H6GA04129,706.0,7060.0
197,H4WA04088,685.8840579710145,47326.0
198,S6MT00162,1583.8695652173913,109287.0
199,H6NJ07151,413.8482142857143,92702.0
200,H6NV03063,1907.1707317073171,234582.0
201,H2IL02172,616.6111111111111,144287.0
202,H6WV01087,554.5454545454545,6100.0
203,H0WA08046,307.9967982924226,288593.0
204,H2CA43385,157.4,787.0
205,S6VT00160,598.9714285714285,20964.0
206,H0WI08075,1765.625,28250.0
207,H4IL12060,608.0443037974684,480355.0
208,H6CA24303,733.4113283884019,1087649.0
209,H6LA03080,1983.3333333333333,23800.0
210,H8MN03077,840.5561312607945,973364.0
211,H6MD08523,1530.0,45900.0
212,H4FL08077,428.0967741935484,13271.0
213,H6VA08237,288.1855670103093,27954.0
214,S6MO00396,500.0,1000.0
215,H6CA41182,863.2207792207793,66468.0
216,S6MN00267,697.1598173515981,152678.0
217,H0SC05031,1047.5,307965.0
218,H6PA08277,1021.9737417943107,934084.0
219,S6FL00459,1000.0,3000.0
220,H6FL04121,2442.8571428571427,34200.0
221,H6OH08331,833.3333333333334,2500.0
222,H6MD03292,1176.3069620253164,371713.0
223,H6MO05189,591.0344827586207,34280.0
224,H6FL01168,2700.0,5400.0
225,P60006046,2483.1186440677966,732520.0
226,S6AZ00258,2700.0,2700.0
227,H6MI01226,884.6252983293556,370658.0
228,H6NE03115,694.0555555555555,62465.0
229,S6CO00275,1900.0,5700.0
230,H4SD00049,3601.0,14404.0
231,H6NY22148,1186.6666666666667,17800.0
232,H2VA06115,948.6111111111111,187825.0
233,H6WI08163,280.58364312267656,528339.0
234,H6NC02148,2700.0,2700.0
235,S4NC00147,1900.0,5700.0
236,S6AR00132,965.7354935945742,1281531.0
237,H6MN07296,561.7647058823529,9550.0
238,S6WY00068,1912.1951219512196,78400.0
239,S2IL00119,2225.0,8900.0
240,H8MA02041,1240.2777777777778,44650.0
241,H6NV03105,2700.0,5400.0
242,H4IA03115,773.9309701492538,414827.0
243,H6IN03237,1125.0,2250.0
244,H4RI01133,404.92857142857144,28345.0
245,H6TX15154,2068.75,16550.0
246,H2FL06091,597.975,23919.0
247,P60015351,764.75,9177.0
248,H4GA08067,2160.0,32400.0
249,H4KY06130,98142.0,98142.0
250,H2FL00292,1425.846357615894,1076514.0
251,H4WI06048,511.7521613832853,177578.0
252,H2CA43245,415.594674556213,280942.0
253,H6TX18141,462.28,11557.0
254,S0PA00434,1021.4665271966527,976522.0
255,H2HI02110,1037.040909090909,228149.0
256,H6MI01028,291.20338983050846,17181.0
257,H6TX15170,3780.0,18900.0
258,H4MT01041,163.86652236652236,1362714.0
259,H6CA48237,450.5,45050.0
260,H0PA06084,825.0,1650.0
261,H6CA16135,1069.3939393939395,35290.0
262,S0CO00211,379.95349268111914,4101218.0
263,H4GA01039,672.7758620689655,195105.0
264,H2TX03126,1469.0821428571428,411343.0
265,H6CA03117,683.5443037974684,54000.0
266,H0KS03137,1399.2268602540835,770974.0
267,H8CO06138,585.5567073170731,960313.0
268,H6LA04112,335.8155737704918,245817.0
269,H6IA03243,2700.0,10800.0
270,H6TX32050,2700.0,27000.0
271,H4NY15071,1507.142857142857,10550.0
272,H4NJ09095,1707.142857142857,107550.0
273,H0WA03187,474.9855305466238,295441.0
274,H6MN02164,2500.0,5000.0
275,H2TX16185,552.12,165636.0
276,H6WA07441,1300.0714285714287,36402.0
277,S2WI00219,747.2922077922078,115083.0
278,H8CA05035,71.13139809211201,693460.0
279,H2SC07066,1461.1940298507463,97900.0
280,H6IL10135,1802.5648854961833,236136.0
281,H4WA09061,346.6666666666667,5200.0
282,H2TX35029,1056.7058823529412,89820.0
283,S6IA00157,881.25,7050.0
284,H0PA07082,1064.809917355372,257684.0
285,H6PR00090,758.9066666666666,170754.0
286,H6UT02390,3539.179104477612,237125.0
287,H2TX07036,776.439393939394,51245.0
288,H6PA06115,2700.0,10800.0
289,H8CA42061,1340.6456310679612,276173.0
290,H0SD00054,516.3474452554744,353698.0
291,H6MD04233,1856.6666666666667,27850.0
292,H2IL13120,515.0129151291513,279137.0
293,S6AZ00225,157.22087041724504,1925484.0
294,H2OH02085,671.2134502923976,229555.0
295,H0MA10082,525.1805555555555,113439.0
296,H6FL06167,2437.5,39000.0
297,H4FL26038,1317.2516268980478,607253.0
298,H6MO04224,338.4640522875817,51785.0
299,S2IN00091,1033.4065934065934,94040.0
300,P60022654,276.1609287429944,344925.0
301,H6KS03241,233.5084745762712,165324.0
302,H0IL14080,698.2105263157895,132660.0
303,H6FL09179,633.4782608695652,145700.0
304,H8FL16022,1282.3529411764705,21800.0
305,H4LA06120,257.09090909090907,11312.0
306,H2TX27190,918.5454545454545,262704.0
307,S6NY00433,102.66666666666667,2772.0
308,H6ID01250,401.2798634812287,117575.0
309,H8IN07176,2260.0,67800.0
310,H0NH01217,1200.1351351351352,355240.0
311,H6GU01016,902.9577464788732,64110.0
312,H2FL23021,938.5149253731344,125761.0
313,H6WI07140,2271.4285714285716,31800.0
314,H4CA42086,315.32530120481925,26172.0
315,H6NJ13191,852.4112903225806,105699.0
316,H6CO01141,783.8960396039604,158347.0
317,H4MI11089,736.9297520661157,178337.0
318,H2CA52089,129.9505380794702,627921.0
319,P60008059,1285.978589420655,1021067.0
320,H4MA03022,285.0603448275862,66134.0
321,H0LA01087,862.3417721518987,136250.0
322,H4PA12043,382.39130434782606,79155.0
323,S4OK00307,962.5,3850.0
324,H2MI05119,653.8672199170124,157582.0
325,H6AZ05125,2700.0,10800.0
326,S0ND00093,829.4192825112108,369921.0
327,H6NC06099,582.3943661971831,41350.0
328,H8LA04225,2429.494382022472,216225.0
329,H4UT02239,816.6666666666666,9800.0
330,S6NH00091,194.81539638589334,5347293.0
331,S4VT00033,1616.6666666666667,14550.0
332,H0CA15148,490.0615114235501,836535.0
333,H6IN08244,625.0,1250.0
334,H4CA17294,2154.1666666666665,12925.0
335,H6VA07148,221.52877697841726,123170.0
336,H4FL22110,159.0,1113.0
337,H8CO02137,1747.2524590163935,532912.0
338,H6MN07304,141.66666666666666,1275.0
339,S0CA00199,1989.655172413793,57700.0
340,H2NY17071,1466.9828571428573,256722.0
341,H2NV02395,1024.437037037037,138299.0
342,H4WA06075,5000.0,5000.0
343,H4CA10075,346.97904026475453,629073.0
344,S0CO00229,2261.6,56540.0
345,H6VA09078,516.6666666666666,1550.0
346,H2MA04073,1133.2262931034484,525817.0
347,H6NC13095,2133.3333333333335,25600.0
348,H6AZ05083,867.6629213483146,77222.0
349,H6NY10119,399.4366197183099,28360.0
350,H6CA46140,627.6486486486486,69669.0
351,H6NY19169,959.2709867452136,1302690.0
352,H2TX01062,600.0,5400.0
353,H2CA08164,1542.622950819672,94100.0
354,H4NJ02157,284.4153846153846,36974.0
355,S6PA00274,2220.0,11100.0
356,H6FL03073,1900.0,7600.0
357,H4OK05132,888.7724550898204,148425.0
358,P60022043,443.6666666666667,1331.0
359,H0CA19173,1148.842105263158,436560.0
360,H6NJ08118,724.9349397590362,300848.0
361,H8NJ03073,975.1526717557252,255490.0
362,H4MN08083,530.1051851851852,357821.0
363,S6UT00063,2186.086956521739,251400.0
364,H6MI04113,757.7003484320558,217460.0
365,H8WA07132,1875.0,15000.0
366,H6FL13205,1281.6226851851852,553661.0
367,S6CO00259,2747.0,10988.0
368,H2TX23082,988.5671641791045,264936.0
369,H6NY24185,411.1111111111111,7400.0
370,S4OR00172,318.68,7967.0
371,H4NY27076,465.11764705882354,86977.0
372,H6TX15196,1750.0,7000.0
373,S0IN00061,538.4676113360324,266003.0
374,H6CA08207,1800.0,9000.0
375,H6IL06166,550.3418803418804,64390.0
376,S0OH00133,762.9661881701833,8822941.0
377,S6KY00120,1880.209173036831,2705621.0
378,H6CO05233,546.1666666666666,3277.0
379,H4NC10047,660.7445255474453,271566.0
380,S4GA11285,1512.06,75603.0
381,H6GA03113,731.5028901734104,126550.0
382,H6MN01174,518.7133027522935,226159.0
383,H4AS00069,704.4782608695652,16203.0
384,H8KY02031,910.0,72800.0
385,H0AZ04501,8000.0,8000.0
386,H8TN02069,1286.3636363636363,14150.0
387,H2MN08111,221.59501411100658,471111.0
388,S8WA00194,954.7945205479452,69700.0
389,S4VA00189,522.0,522.0
390,H4UT03211,987.8181818181819,32598.0
391,H6IN09176,1106.0,90692.0
392,H6MD03441,557.6862745098039,142210.0
393,S6IN00225,500.0,500.0
394,H6MD08291,1570.5882352941176,26700.0
395,H4AR04048,637.375,117277.0
396,H6LA03106,521.1746031746031,32834.0
397,H4WA01258,1138.888888888889,10250.0
398,H6MN02131,327.6046511627907,901568.0
399,H2CA30143,875.3235294117648,178566.0
400,S8FL00166,1965.909090909091,86500.0
401,H6MD04217,1720.5128205128206,67100.0
402,H2CA36439,194.21123716909779,718970.0
403,P60007440,337.0,674.0
404,H6CO03170,520.720467032967,758169.0
405,S6CA00691,1139.51797752809,1014171.0
406,H6IA02161,413.92857142857144,40565.0
407,H6NC01124,1000.0,1000.0
408,H2NY15109,2073.076923076923,107800.0
409,H6NV03071,425.0,850.0
410,H6FL04105,1619.6190476190477,170060.0
411,H0TX27061,905.704280155642,232766.0
412,H4LA05247,1550.0,3100.0
413,H0CA48024,650.5471861471862,751382.0
414,H6KY03124,624.6031746031746,118050.0
415,H2IA05072,371.97953964194375,145444.0
416,S6FL00467,225.42105263157896,4283.0
417,H4CA23011,1175.0,79900.0
418,S0IA00028,483.5529134532991,2257225.0
419,H2MD02160,720.6607142857143,201785.0
420,S6OH00163,894.2549019607843,319249.0
421,H6CA21218,718.6071428571429,261573.0
422,H8CA04152,310.9614740368509,185644.0
423,S6ND00108,369.38775510204084,18100.0
424,H2MD06195,1421.7506631299734,536000.0
425,S6WA00321,371.3030303030303,73518.0
426,H2SC02059,561.352,140338.0
427,H6AZ09010,633.3333333333334,5700.0
428,H8FL25015,1082.939075630252,515479.0
429,S6NE00095,-1684.6153846153845,-65700.0
430,S6SD01091,400.4918032786885,24430.0
431,H6NC01108,610.0,7320.0
432,H8NJ04014,664.3888888888889,179385.0
433,H2OH03125,541.6017316017316,125110.0
434,H0NY13074,225.0,225.0
435,H6NY03262,1381.4814814814815,37300.0
436,H6TN04200,1715.0,18865.0
437,H6NM02101,408.2470588235294,104103.0
438,H6IL12099,609.1122278056952,363640.0
439,S6OK04130,646.2222222222222,5816.0
440,H6ND01015,363.416,45427.0
441,S6AK00201,736.1,7361.0
442,H4WA08071,481.48692810457516,147335.0
443,H0AR03055,560.625,130065.0
444,H2MI14111,933.5726495726495,109228.0
445,H2OK04055,1272.1674876847292,258250.0
446,H6TX08100,1243.8180574555404,909231.0
447,H6FL09161,1433.857142857143,80296.0
448,H6FL11217,404.0625,6465.0
449,H4IL11195,1625.0,6500.0
450,H6ID02183,50.0,50.0
451,S4NE00090,2433.5555555555557,109510.0
452,H2IN03152,1000.0,1000.0
453,S4IA00152,90.0,90.0
454,H6TN03152,794.8,39740.0
455,H6NH01297,2700.0,21600.0
456,H4NC12084,211.5,423.0
457,H6NC09184,580.4090909090909,25538.0
458,S6NC00324,6650.0,13300.0
459,H2CA31125,157.77675489067894,548432.0
460,H2TN03144,3951.5,7903.0
461,H6MD08598,458.15384615384613,5956.0
462,S2CA00286,1193.75,9550.0
463,S6NV00200,149.19973636059575,7583375.0
464,H6CO07023,553.6227848101266,218681.0
465,H8AZ01104,-650.0,-2600.0
466,H6NY03171,1391.7265625,178141.0
467,H0IL11052,722.75,187915.0
468,H6OR03064,970.6420454545455,170833.0
469,H6OH09099,763.0769230769231,9920.0
470,H8ID02064,766.2900763358779,100384.0
471,H6NY03247,974.8001567398119,1243845.0
472,H4OK05108,400.0,400.0
473,H8NY21203,180.39827586206897,104631.0
474,S6FL00426,2506.25,160400.0
475,H6NE02125,602.1641791044776,564830.0
476,H6FL18071,2160.0,86400.0
477,H2AZ09092,2642.8571428571427,18500.0
478,H6CA51066,605.0,38720.0
479,H4ME02200,285.6975599315069,1334779.0
480,S0AK00121,600.506043956044,1092921.0
481,H0IN02190,801.5226130653266,478509.0
482,S4VA00155,731.547619047619,61450.0
483,H4GA11061,873.9285714285714,85645.0
484,H6NY19029,716.6969696969697,47302.0
485,H4KS01059,952.7115384615385,49541.0
486,P00003392,70.09138941439848,122855907.0
487,H0RI02139,667.0090497737557,147409.0
488,H2TX29030,1013.6696428571429,113531.0
489,H6OK05251,366.61538461538464,14298.0
490,H2VA11164,20.2,202.0
491,H0NY19139,1625.0,6500.0
492,S4WV00183,0.0,0.0
493,H6CA07126,747.4419970631425,509008.0
494,H6OK01185,2300.0,2300.0
495,H0MO01066,858.5714285714286,6010.0
496,H0PA04220,948.4288354898337,513100.0
497,H8TX22107,1057.96812749004,265550.0
498,H6VA03089,485.109375,31047.0
499,H6NV04020,1960.3910256410256,305821.0
500,H6DE00198,1275.0,5100.0
501,H2NY22139,1058.1490545050056,951276.0
502,S6TN00216,927.875,29692.0
503,H6MD08457,371.65734989648035,359021.0
504,H8MP00041,840.625,40350.0
505,S2NV00183,1942.1304347826087,178676.0
506,H8NY20056,1335.964,333991.0
507,H6FL10136,10998.333333333334,65990.0
508,H6NY01118,1741.1657142857143,304704.0
509,H6MI03172,430.0,2580.0
510,H6WI04063,250.0,250.0
511,H4FL23076,322.5,645.0
512,H8MS03067,882.3024054982818,256750.0
513,H6NV01232,510.6969696969697,16853.0
514,H6NC11198,447.11538461538464,11625.0
515,S0NY00410,1436.8396946564885,188226.0
516,P60009685,2171.896551724138,251940.0
517,H2FL13139,369.77777777777777,3328.0
518,S2HI00106,1039.7521367521367,121651.0
519,S6PA00266,303.0826934889435,11842047.0
520,H6WA08092,355.0,3550.0
521,H8NY01148,662.3484398216939,891521.0
522,H0MS04120,845.2173913043479,97200.0
523,H2NY10092,1057.6642335766423,144900.0
524,H2GA12121,753.622754491018,125855.0
525,S0MO00183,1136.5092891760905,2813997.0
526,S0NH00235,648.6098251457119,3894902.0
527,H6PA16312,2700.0,5400.0
528,S0IL00261,533.7854750941817,2550427.0
529,H6PA02163,2360.0,11800.0
530,H4NE01064,1420.7407407407406,191800.0
531,H0AZ01259,596.030303030303,59007.0
532,H2MO02102,1633.974358974359,382350.0
533,H4NC12134,700.0,3500.0
534,H2OH14064,1182.5400696864112,339389.0
535,S6FL00335,2460.1294117647058,209111.0
536,S0WI00197,382.979217603912,9085033.0
537,H6FL18055,2325.1908396946565,304600.0
538,H4MN06087,706.0426065162907,281711.0
539,H6KS01146,455.7133333333333,68357.0
540,H4OH10167,550.0,2200.0
541,H6OH11160,443.94736842105266,8435.0
542,H2NM02100,500.0,1000.0
543,H4AL06098,1527.4765625,391034.0
544,H4TX19136,836.3679012345679,338729.0
545,H2IA01055,648.9157088122605,508101.0
546,H6SC01151,275.0,1650.0
547,P60012960,396.0,3960.0
548,H6VA10209,379.7922168172342,1093042.0
549,H6IL09145,787.4099378881988,126773.0
550,H6OR05143,509.0135746606335,112492.0
551,H0NY29054,672.924219910847,452878.0
552,H2TN06030,1197.3958333333333,344850.0
553,H6UT01137,533.85,74739.0
554,H0MI03126,1162.4043715846994,212720.0
555,H4WA05127,255.28225806451613,94965.0
556,H0PA06118,2500.0,2500.0
557,H2UT01094,1199.5725190839694,157144.0
558,H6NC04037,370.41492537313434,124089.0
559,H2TX23124,402.2816414686825,931282.0
560,H6TX03168,1900.0,5700.0
561,S6NV00218,697.057019126669,3863090.0
562,H6TX12060,778.6199095022624,344150.0
563,H4VA07150,387.5,1550.0
564,H6WA07458,349.4886858137511,803125.0
565,H6PR01031,44.4,444.0
566,H4MI08135,1205.7783251231526,244773.0
567,H0CT05150,6243.5,112383.0
568,H6CO03139,807.5747747747748,448204.0
569,H6AK00235,288.00657276995304,306727.0
570,H4NC01046,705.5555555555555,57150.0
571,H4ME02234,1256.17439703154,677078.0
572,H6IL06141,2357.1428571428573,49500.0
573,H4AR02141,703.133611691023,673602.0
574,H6LA04146,930.2150537634409,173020.0
575,H6NY13105,1360.0119047619048,114241.0
576,H6KY06127,309.172981878089,187668.0
577,H2FL14152,2700.0,5400.0
578,H4MD05144,414.05882352941177,7039.0
579,H6CT05157,548.735632183908,47740.0
580,H6LA04153,776.68,58251.0
581,H4MN05071,1000.0,1000.0
582,H6CA32132,2450.0,29400.0
583,H4HI01134,1533.3431372549019,156401.0
584,H2NV04011,1000.0,1000.0
585,S0AR00028,720.0,1440.0
586,H6TX24149,740.7058823529412,12592.0
587,H2TX00015,685.0,13700.0
588,H6CO06058,286.0692023243529,1083058.0
589,S6PA00290,300.0,600.0
590,S0WV00090,1275.0,10200.0
591,H0TN03254,1423.8594594594595,263414.0
592,H6WI07181,291.2621359223301,30000.0
593,S6IL00300,1433.4594594594594,106076.0
594,H2NC08185,847.805,169561.0
595,H6VA01117,454.4129032258065,70434.0
596,H6MI07223,209.02353806546523,568335.0
597,H0VA02118,867.469696969697,286265.0
598,H6TX29064,125.0,1000.0
599,H0CA27085,967.525,193505.0
600,S8NY00082,1751.5443458980044,4739679.0
601,H6FL02257,541.0833333333334,32465.0
602,H4TX19185,200.0,200.0
603,H6AZ01173,1867.741935483871,57900.0
604,H4PA05062,279.038961038961,21486.0
605,P60006111,395.3160474026553,4436632.0
606,H6TX27084,2700.0,2700.0
607,S6OH00247,1797.0198675496688,542700.0
608,H6TX06203,685.2142857142857,9593.0
609,H6MO02301,155.4185303514377,97292.0
610,P20003281,2590.0,124320.0
611,H6MI10193,100.0,100.0
612,S8NC00239,500.0,500.0
613,H0AR01083,535.9014084507043,38049.0
614,H6MI08262,528.768115942029,291880.0
615,H6FL15150,330.35714285714283,4625.0
616,H6NH02162,2700.0,5400.0
617,H8WY00148,2700.0,10800.0
618,H6FL03057,2018.3333333333333,18165.0
619,H6IL18161,468.3448275862069,40746.0
620,H8NY13069,250.0,250.0
621,H4TX14079,2700.0,35100.0
622,S6WY00126,2700.0,2700.0
623,S6OR05093,2300.0,2300.0
624,H6NY19193,1874.0961538461538,292359.0
625,H6CA48245,292.10526315789474,38850.0
626,H6TX32092,275.0,550.0
627,H6FL05169,807.72,60579.0
628,H2CA28113,1499.6713286713286,214453.0
629,H6WA03218,343.71276595744683,32309.0
630,H6VA09086,305.1212121212121,50345.0
631,H6AZ05133,535.3333333333334,8030.0
632,H4MA06090,254.25473684210527,120771.0
633,H6AZ01231,30000.0,30000.0
634,H2NJ05014,948.4414634146342,388861.0
635,H2MI17023,681.2654320987655,110365.0
636,H2WA06129,895.2639296187683,305285.0
637,H4CA07055,2600.0,10400.0
638,H2NY13096,1038.9666666666667,93507.0
639,H2IN09167,279.6007410838351,603658.0
640,H6NY25158,1155.25,9242.0
641,H6FL07116,2700.0,5400.0
642,H6NM03067,517.4782608695652,23804.0
643,H2IL12122,-300.0,-300.0
644,H2CA02142,812.4430379746835,128366.0
645,S6IL00151,678.7916666666666,16291.0
646,H4RI02107,500.0,1000.0
647,H6CA46157,2108.3333333333335,50600.0
648,P60006723,1492.2917939764295,6837681.0
649,H6IL05150,679.5588235294117,23105.0
650,H2PA02055,872.5,34900.0
651,H6NV03139,522.0417266187051,725638.0
652,H6PA07113,1751.1521739130435,80553.0
653,H2FL14053,793.4808184143222,310251.0
654,H6IN03229,233.55021834061137,320898.0
655,H4FL13077,300.0,300.0
656,H6IL14129,491.6666666666667,7375.0
657,H8IL14067,362.2279171210469,996489.0
658,H4FL22086,345.125,5522.0
659,H2OH09031,647.2985074626865,86738.0
660,H2FL06109,1101.970802919708,150970.0
661,P60023207,651.6666666666666,1955.0
662,P60008331,3000.0,3000.0
663,H6FL18121,318.7,6374.0
664,H0NY18065,1066.6666666666667,3200.0
665,H8NV03036,898.0904761904762,188599.0
666,H4NC12100,391.03184713375794,61392.0
667,H6CA22125,1890.8367346938776,463255.0
668,S4MN00346,100.0,100.0
669,H6VA06157,371.7574468085106,87363.0
670,H0MO07113,1405.0403225806451,174225.0
671,H2AZ08102,219.3721244925575,1296928.0
672,H4CO04090,586.1612903225806,181710.0
673,H4CO03241,2700.0,10800.0
674,H6WI01192,185.125,2962.0
675,H6WI01226,591.1764705882352,10050.0
676,H6NY19235,1808.5714285714287,63300.0
677,H6WA06211,500.0,4500.0
678,H4NE02054,299.2571109871723,536568.0
679,H6FL13189,2325.0,158100.0
680,H0WA03161,596.228187919463,177676.0
681,P60017563,1000.0,1000.0
682,H6VA05142,626.749244712991,207454.0
683,H4CA33101,0.0,0.0
684,H0OH12062,821.816513761468,985358.0
685,H4NH02241,1000.0,1000.0
686,H2MD05155,976.420054200542,360299.0
687,H6CA31134,2515.3846153846152,65400.0
688,H8OH02041,153.75862068965517,4459.0
689,H6NC04151,919.8,55188.0
690,H0FL08208,1417.6436781609195,123335.0
691,S6RI00221,1380.1829268292684,113175.0
692,S4AK00099,1308.9341894060994,815466.0
693,H6MD08481,1298.6713286713286,185710.0
694,H6CA21192,250.0,250.0
695,H4AZ01145,1662.298245614035,94751.0
696,H6IA02146,257.23355263157896,234597.0
697,S6GA00119,846.7980272428371,1802833.0
698,H4TX06117,1199.6556291390727,181148.0
699,H4IA04113,265.4388201019665,728895.0
700,H6MN02156,100.0,100.0
701,H2PA04135,571.8724279835391,138965.0
702,H2FL25018,1477.3504273504273,172850.0
703,H4PA18131,858.074074074074,46336.0
704,H8CT01046,552.9075144508671,191306.0
705,H0MO04086,1048.624,131078.0
706,H0OR04081,707.7446808510638,33264.0
707,H6NY05077,887.2916666666666,21295.0
708,S4CT00146,1336.5,13365.0
709,H0RI01073,570.6524520255864,267636.0
710,H6WA07425,430.3681233933162,837066.0
711,H6IN05257,371.2857142857143,2599.0
712,H6FL08254,3275.0,13100.0
713,H6TX27092,803.9230769230769,10451.0
714,S2AZ00141,1980.2469135802469,160400.0
715,H4TX09095,1154.7727272727273,101620.0
716,H6NY22130,651.6038062283737,376627.0
717,H6NJ12136,642.828125,123423.0
718,S4MS00138,29680.625,237445.0
719,S6GA00200,2280.3489932885905,1359088.0
720,H2GA13012,1132.142857142857,15850.0
721,S6NC00266,277.3889742825025,12091108.0
722,H4AL01123,748.5897435897435,87585.0
723,H2NM02126,981.3861209964413,551539.0
724,S4OR00198,1600.0,4800.0
725,H4FL13101,985.9274193548387,366765.0
726,S4IA00020,-1270.0,-6350.0
727,H4VA11087,144.0,3600.0
728,H6CA52130,905.4673913043479,666424.0
729,H6CA13140,371.0,371.0
730,H2CA37023,1269.1784232365146,305872.0
731,H8IL09067,378.5103734439834,364884.0
732,H4CA33143,2600.0,5200.0
733,S4LA00057,2300.0,2300.0
734,H2GA09150,723.8085106382979,68038.0
735,S6NJ00289,1607.8358208955224,215450.0
736,H4NC12142,548.8157894736842,20855.0
737,H6NY11216,422.05882352941177,14350.0
738,H2MN07014,686.0681818181819,30187.0
739,S6AK00151,370.0619469026549,167268.0
740,S6FL00285,1366.6666666666667,8200.0
741,S2NY00259,181.5519230769231,283221.0
742,S6IL00292,181.20738421306174,5266249.0
743,H6CA36174,2442.8571428571427,34200.0
744,H2MN02130,2700.0,10800.0
745,H4CA21072,1000.0,1000.0
746,H0PA10078,710.7676056338029,201858.0
747,H6NJ02194,21.77777777777778,196.0
748,H6WI08155,1207.1003039513678,1191408.0
749,H6WI08189,2118.75,8475.0
750,H2NC11080,467.0430107526882,86870.0
751,S4VT00017,587.422028353326,538666.0
752,H2WI02124,314.2749003984064,78883.0
753,H6TN09068,1150.0,26450.0
754,H0OK05155,101.46153846153847,1319.0
755,S6ID00096,51.0,102.0
756,S8DE00079,702.5714285714286,9836.0
757,H6OH04082,915.4473684210526,139148.0
758,H4KY02089,600.0,600.0
759,S6LA00342,375.0,750.0
760,H6CA49102,351.25221425558834,832819.0
761,H4NJ01084,1295.857142857143,498905.0
762,H6NY14244,904.5454545454545,9950.0
763,S8NM00184,807.6470588235294,27460.0
764,H4TX21041,200.0,200.0
765,H2IL01042,2106.25,33700.0
766,H4OH12064,37.5,75.0
767,H4VA10089,596.2570532915361,1331442.0
768,H6AK00045,915.9100529100529,173107.0
769,H6FL23063,436.88,21844.0
770,H6DE00206,397.66037735849056,168608.0
771,H4AL03061,512.0,1536.0
772,S6CO00317,438.5882352941176,7456.0
773,H6SC02100,189.83333333333334,19363.0
774,H6MT01095,138.6769680783416,1090417.0
775,H0OH18077,1033.138211382114,127076.0
776,S8AL00308,2300.0,6900.0
777,H6NC13129,933.8828451882845,223198.0
778,H6MD05206,2700.0,8100.0
779,S6CO00226,296.21240894901143,4554562.0
780,H6OH02086,1140.0,1140.0
781,P60008398,2411.0,21699.0
782,S2NM00088,518.3188405797101,71528.0
783,H6PA08228,331.16872682323856,1071662.0
784,S6IN00191,1085.1339799616287,10180727.0
785,S6MD03441,381.9563504569808,2423895.0
786,H2IN05082,924.4555160142348,259772.0
787,S6MD03508,536.8120996441281,754221.0
788,H6TX21012,1145.15503875969,295450.0
789,H2TX05121,1142.7735849056603,363402.0
790,H2NJ10154,487.8048780487805,20000.0
791,H6FL22073,2100.0,8400.0
792,H6MD01221,833.3333333333334,2500.0
793,H6PA16296,246.49,419033.0
794,H4WI04183,562.0,57324.0
795,H6CO01208,601.5151515151515,19850.0
796,H0TX07055,1105.9830508474577,195759.0
797,H6LA03155,1264.125,10113.0
798,H8WI02121,277.17857142857144,7761.0
799,H8CA09060,448.5329218106996,435974.0
800,H6LA03098,854.9105058365759,219712.0
801,H0FL24049,300.0,900.0
802,H2SC07108,166.66666666666666,1500.0
803,H6WI07173,445.0,3115.0
804,H4IL03077,793.4567901234568,64270.0
805,H6PA10141,342.88429752066116,41489.0
806,H6CA39020,1326.8305288461538,1103923.0
807,H2CA00104,742.3703703703703,100220.0
808,H8IL18043,2450.0,63700.0
809,H2TX26093,911.0084033613446,108410.0
810,H6CO02149,515.25,20610.0
811,H0ND01026,492.2877358490566,104365.0
812,H6IL13121,1349.4285714285713,18892.0
813,H6WY00159,1708.0823970037454,456058.0
814,H6AL04098,800.6,116087.0
815,H6CA46033,2084.375,33350.0
816,S2SC00079,2000.0,2000.0
817,S2NC00257,223.07142857142858,3123.0
818,S6NY00425,242.14285714285714,1695.0
819,H8NY06048,1058.1818181818182,58200.0
820,H6NH02238,876.829268292683,35950.0
821,H6FL19095,2700.0,13500.0
822,S6PA00258,2236.893203883495,230400.0
823,H6LA04096,657.0675675675676,48623.0
824,H2IL12130,339.1666666666667,2035.0
825,S0KS00166,289.04761904761904,6070.0
826,H0KS04051,1491.420233463035,383295.0
827,H4VA07143,425.89053591790196,373506.0
828,P60018389,85.0,8925.0
829,H4KY01040,2555.5555555555557,23000.0
830,S4CO00395,1990.909090909091,21900.0
831,H0IL10302,1017.8113311331133,1850381.0
832,H6WY01074,566.0666666666667,42455.0
833,H6PA07121,2290.625,146600.0
834,H0FL12101,727.3055555555555,52366.0
835,H4TX10028,758.6950904392764,293615.0
836,S0CA00330,487410.0,487410.0
837,H4NC10104,275.0,550.0
838,H0CA49055,645.7547169811321,34225.0
839,H2GU00033,636.5853658536586,26100.0
840,H0AL02087,1580.909090909091,86950.0
841,S4MA00028,2420.875,58101.0
842,H4TX04153,1391.9540229885058,121100.0
843,P60019437,100.0,100.0
844,S6PA00241,500.0,500.0
845,H4NV04025,-2533.3333333333335,-7600.0
846,H0IN08114,965.4411764705883,65650.0
847,H6TX19099,769.6386768447837,302468.0
848,H6MI08247,1730.379746835443,136700.0
849,S0UT00165,615.2428146679881,1241560.0
850,H6NJ06229,626.5,51373.0
851,H8NM03196,639.7534246575342,233510.0
852,H6NH01271,895.5882352941177,30450.0
853,H4CA16049,1073.9285714285713,345805.0
854,P60019668,1850.0,7400.0
855,H6CA36182,865.568493150685,126373.0
856,H2AZ07070,496.7875,39743.0
857,H8MI01107,100.0,100.0
858,H6FL18105,1418.2469135802469,114878.0
859,H8MA08071,845.8333333333334,111650.0
860,S6LA00359,825.1027777777778,594074.0
861,H4IL07037,523.0769230769231,13600.0
862,H2OR01133,425.344262295082,129730.0
863,S6CT05090,1671.590909090909,73550.0
864,H6MN03147,2700.0,21600.0
865,H4SC01073,1139.159420289855,78602.0
866,H6TX15147,2500.0,2500.0
867,H6FL05177,846.8947368421053,16091.0
868,H6PA02155,2430.0,24300.0
869,H6FL09070,935.6206896551724,162798.0
870,H8MO09153,1133.209090909091,124653.0
871,H6IN07386,532.25,6387.0
872,S6FL00384,70.5,141.0
873,H6NY26123,2700.0,2700.0
874,H4IA05102,2600.0,5200.0
875,S6MD03466,1825.0,9125.0
876,H6IN05216,248.47142857142856,34786.0
877,H6KY03173,655.0,6550.0
878,H4MI12079,716.5233644859813,230004.0
879,H4TX13014,734.1366742596811,322286.0
880,S4NE00165,765.0,5355.0
881,H2OH15095,319.44444444444446,5750.0
882,H6FL09203,50.0,50.0
883,H6KS03233,2700.0,10800.0
884,H4MI07103,563.7334337349398,374319.0
885,H6MA09164,96.96923076923076,6303.0
886,S6GA00101,-1264.2,-6321.0
887,S4OK00083,1140.0,5700.0
888,H2MD04232,1615.909090909091,71100.0
889,H8CA20059,1438.8058252427184,296394.0
890,H4MN02136,214.0,1498.0
891,H6CA01178,2700.0,5400.0
892,H6MA08299,6428.571428571428,45000.0
893,H4GA02060,504.4117647058824,8575.0
894,H2NY01067,242.75862068965517,7040.0
895,H6NY23518,203.88192419825072,559452.0
896,P60003670,1321.7070422535212,469206.0
897,H6SC05129,893.2722646310433,351056.0
898,S4MI00363,975.0,3900.0
899,H0KS04077,125.0,875.0
900,H4MI04118,895.578125,57317.0
901,H6FL11126,420.0980392156863,21425.0
902,H0TX17104,1080.521472392638,176125.0
903,S4AR00103,708.0,74340.0
904,P60023561,1533.3333333333333,4600.0
905,H6TN06155,248.75,1990.0
906,S4NM00100,1283.3333333333333,3850.0
907,H6CA39137,636.1081081081081,23536.0
908,H6ME01207,660.0972222222222,47527.0
909,H6TX17101,250.0,250.0
910,S0IN00053,1912.295081967213,116650.0
911,H2CA00120,88.0692471590909,744009.0
912,S4OK00232,723.2306338028169,821590.0
913,S4LA00065,1500.141592920354,4068384.0
914,H0GA04106,50.0,50.0
915,H6PA16320,1167.6164383561643,255708.0
916,S0DE00092,2335.294117647059,39700.0
917,H6FL06126,387.5,1550.0
918,S0AR00150,612.1987507098239,1078082.0
919,S4KY00091,437.5,1750.0
920,H6MI10227,241.92307692307693,3145.0
921,H6GA05290,178.6,893.0
922,H8CA01109,456.40232558139536,196253.0
923,S6MD00140,1467.6415094339623,77785.0
924,S2OH00170,2493.3333333333335,74800.0
925,H6FL11209,1634.2857142857142,57200.0
926,H2FL08063,2233.3333333333335,6700.0
927,S4TX00516,8812.5,70500.0
928,S6ME00159,2300.0,4600.0
929,P20002721,617.5757575757576,20380.0
930,H6NY03221,2415.7894736842104,229500.0
931,H0SC03077,636.2878787878788,83990.0
932,H6AZ01199,323.17591801878734,378439.0
933,H4CA24142,1342.8284671532847,1103805.0
934,H0MN01045,657.407960199005,132139.0
935,H6AZ02189,332.7510431154381,478496.0
936,H6FL09187,48.717948717948715,1900.0
937,H6WV03117,1420.4545454545455,46875.0
938,S6AZ00233,1190.4938271604938,96430.0
939,H6IN04169,258.5,1551.0
940,H2TX33040,1298.2417582417581,236280.0
941,H2AZ09019,367.2540453074434,453926.0
942,S6LA00318,615.0192307692307,927449.0
943,H0CA10149,780.030888030888,202028.0
944,H2PA17079,517.2545454545455,142245.0
945,H4FL19058,428.26666666666665,12848.0
946,H4UT04011,335.34705882352944,798126.0
947,H6CA40234,503.0,503.0
948,H6FL25027,58.333333333333336,350.0
949,H6CA29229,1400.0,4200.0
950,H6FL08213,970.1847389558233,241576.0
951,H2TX33099,1231.3809523809523,25859.0
952,H0WV01072,900.8805031446541,143240.0
953,S2CT00132,698.7870036101083,193564.0
954,H6CO07106,714.2857142857143,20000.0
955,H4AS00036,1345.0,40350.0
956,H0MI01088,2684.0,67100.0
957,H4AZ06045,1150.2941176470588,39110.0
958,H6PA03153,127.0,635.0
959,P00005090,22.09090909090909,243.0
960,P20003984,249.2906670181914,1891119.0
961,H6FL27031,1589.3103448275863,92180.0
962,H4CA33085,-1387.5,-5550.0
963,H6AL06127,13250.818181818182,145759.0
964,H8WI09050,1235.3103448275863,35824.0
965,H4FL09083,4700.0,4700.0
966,H4CA22104,260.0,260.0
967,H6MN04236,709.0909090909091,7800.0
968,H2FL03056,1405.0,14050.0
969,H6NJ04158,436.25,6980.0
970,H2PA15099,583.4545454545455,6418.0
971,H2AZ04127,458.1996402877698,254759.0
972,H4MI11097,1290.4340425531916,303252.0
973,H0VA07042,473.81362007168457,132194.0
974,S6LA00383,250.0,500.0
975,H6MO01253,2700.0,5400.0
976,H0OH16097,895.14463840399,358953.0
977,H4PA17141,827.75,9933.0
978,H4OH04046,241.22727272727272,26535.0
979,S2TX00106,2328.2608695652175,107100.0
980,H2IL10068,134.36851920925028,1801210.0
981,H6FL09153,1000.0,2000.0
982,S6LA00300,1256.048625792812,1188222.0
983,H6NV03089,1790.3225806451612,55500.0
984,H4WV03070,820.2124542124542,223918.0
985,H2VI00082,1082.861111111111,38983.0
986,S4GA11210,450.0,13500.0
987,H0OH06189,1032.3804347826087,189958.0
988,H6NJ05171,634.0549628192693,1961132.0
989,H0MO06073,1336.8314606741574,118978.0
990,H8LA02054,1202.9411764705883,143150.0
991,H6MN02198,2342.1052631578946,89000.0
992,H6LA03130,1461.498392282958,454526.0
993,H4IA01077,367.1048644338118,920699.0
994,H6NV04038,2433.3333333333335,43800.0
995,P60012234,3750.0,7500.0
996,S2MT00096,1795.0,17950.0
997,H0GA07133,806.3157894736842,76600.0
998,H6FL01119,1662.8513513513512,123051.0
999,H0IL08108,750.0,1500.0
1000,H6CA44111,1992.5,7970.0
1001,H8OR05107,754.1737288135594,177985.0
1002,H0TN04195,1522.2222222222222,82200.0
1003,H4GA06087,513.3280542986425,226891.0
1004,H6WI06118,1743.611111111111,31385.0
1005,H4MO08162,928.0625,148490.0
1006,S6CO00325,2700.0,5400.0
1007,H2WI01084,723.0,2892.0
1008,S6LA00334,664.9070735090153,479398.0
1009,H8NJ05052,572.3149825783972,821272.0
1010,H0MI02094,1268.708609271523,191575.0
1011,H6NJ01204,982.9791666666666,141549.0
1012,H6NC10158,355.5223880597015,71460.0
1013,H6IL04146,2700.0,5400.0
1014,H6WA09025,1051.6923076923076,68360.0
1015,H6CA12175,690.0,6900.0
1016,H6IN02155,365.1542372881356,215441.0
1017,H2FL08055,844.5773195876288,409620.0
1018,S0SC00149,2477.777777777778,66900.0
1019,H8CT04172,1113.985257985258,453392.0
1020,H8WI01024,352.4268808114962,833842.0
1021,H8VA11062,215.47615384615384,280119.0
1022,H2OK02083,1307.6990291262136,134693.0
1023,P40003576,829.6173913043478,572436.0
1024,S6FL00319,355.73146417445486,5138541.0
1025,H2CT02112,373.5200845665962,176675.0
1026,H0NC04147,500.0,1000.0
1027,H8OH15076,1249.8355704697988,372451.0
1028,S4MI00355,1414.5833333333333,33950.0
1029,H0TX04037,2200.0,2200.0
1030,H6CA33106,538.7777777777778,19396.0
1031,S6VA00093,2245.2380952380954,94300.0
1032,H6FL06183,1020.0,10200.0
1033,S4SC00240,1215.271662763466,1037842.0
1034,S6LA00367,1510.0,15100.0
1035,S6OH00262,69.44444444444444,1250.0
1036,H6OH01096,482.2298850574713,83908.0
1037,H2TX03118,985.9154929577464,70000.0
1038,H6FL03081,1088.054852320675,257869.0
1039,H4MI04126,956.8088888888889,215282.0
1040,S6CO00366,480.5,5766.0
1041,H6MS04192,437.42857142857144,15310.0
1042,H6VA04061,593.8595988538682,207257.0
1043,S6IA00140,314.1831673104289,1545467.0
1044,H2IL08039,872.6792452830189,46252.0
1045,H4TX02108,980.15625,219555.0
1046,H2GA02031,922.0532544378698,155827.0
1047,H4PA09056,627.9302325581396,27001.0
1048,H0CT03072,703.9096573208723,225955.0
1049,S6RI00163,1650.0,3300.0
1050,S0CT00177,889.0628612716763,2460926.0
1051,H0KY05015,1028.971590909091,181099.0
1052,H6KS04173,1517.6666666666667,40977.0
1053,P00004275,382.7878787878788,12632.0
1054,H6MD08465,1828.5714285714287,38400.0
1055,H2NC07096,822.1116504854369,169355.0
1056,H6MD08564,402.6461538461538,26172.0
1057,H2NC13110,730.3545454545455,241017.0
1058,H4CA35031,1292.7297297297298,47831.0
1059,H0VA05095,2700.0,16200.0
1060,H6AL05202,314.61764705882354,10697.0
1061,S2SD00068,460.9249315068493,841188.0
1062,H2NY00010,1351.6333333333334,40549.0
1063,H6LA03122,1692.3939393939395,167547.0
1064,H2TX33073,857.5925925925926,231550.0
1065,H6MS01230,500.0,500.0
1066,S6IN00175,2298.8888888888887,103450.0
1067,H4FL20064,777.8333333333334,4667.0
1068,H4MD06191,4000.0,4000.0
1069,H6VA01174,284.6190476190476,17931.0
1070,H4PA08116,1035.806896551724,150192.0
1071,S6LA00441,3582.0,10746.0
1072,H2OH03067,1087.2578947368422,206579.0
1073,H8KS02090,1099.1967871485945,273700.0
1074,S8MN00438,572.2878787878788,37771.0
1075,H4NJ03148,50.0,50.0
1076,H6CA25177,387.5969889982629,669380.0
1077,H6MD07160,1192.853448275862,138371.0
1078,H6FL12181,2161.1111111111113,19450.0
1079,S4AK00214,1885.7142857142858,39600.0
1080,H0GA08099,927.1917808219179,67685.0
1081,H4CA18094,2700.0,5400.0
1082,H6NY03197,773.9358552631579,470553.0
1083,H6CA24113,1193.663120567376,336613.0
1084,H6TX15204,237.88,5947.0
1085,H8PA01153,1255.5555555555557,101700.0
1086,H6NY16132,2087.75,8351.0
1087,H4NC07100,718.4285714285714,10058.0
1088,S6MD03177,850.0,17000.0
1089,H2PA11098,488.3255813953488,251976.0
1090,H4CO07036,325.0,650.0
1091,H6DE01089,14.583333333333334,350.0
1092,H4NC05146,844.543909348442,298124.0
1093,H2MA09072,1022.1593406593406,186033.0
1094,H6AZ07030,621.6666666666666,14920.0
1095,H6WI06100,374.24342105263156,56885.0
1096,H6NV04012,2146.153846153846,27900.0
1097,S8SD00024,10.0,10.0
1098,H6NC02114,2303.2631578947367,43762.0
1099,H4NC06136,372.14285714285717,20840.0
1100,H6LA03148,710.5,65366.0
1101,H6IL13113,405.3333333333333,18240.0
1102,H4MO05234,623.7209302325581,80460.0
1103,H4AZ04024,1025.9615384615386,26675.0
1104,H6SC04163,472.94117647058823,24120.0
1105,S6UT00246,448.6666666666667,26920.0
1106,H4VA11103,300.0,300.0
1107,P60007697,1383.9028436018957,584007.0
1108,H6NV02248,241.7219730941704,53904.0
1109,H6TN01388,1044.3150684931506,76235.0
1110,H6NY11174,1037.7100840336134,493950.0
1111,H6MI12264,1170.5882352941176,19900.0
1112,H6OH07127,90.84615384615384,1181.0
1113,P20003216,100.0,100.0
1114,H0CT02140,673.2413793103449,19524.0
1115,H6KY01128,388.8888888888889,3500.0
1116,H6MN02149,423.5914454277286,287195.0
1117,H6AZ04177,500.0,4000.0
1118,S6LA00425,619.2857142857143,4335.0
1119,H2NC01081,255.3111111111111,57445.0
1120,H6FL01184,2420.0,48400.0
1121,H6AZ05117,2642.8571428571427,18500.0
1122,H0CA11337,805.5090909090909,44303.0
1123,H6CA01194,680.8139534883721,29275.0
1124,H0NC02059,346.15384615384613,4500.0
1125,S6AL00195,300.0,300.0
1126,H6CA24311,2057.777777777778,185200.0
1127,H6NC13046,368.92105263157896,28038.0
1128,H4AZ01038,2181.2608695652175,50169.0
1129,H0NY02085,2292.6940639269405,502100.0
1130,H4MA05084,1008.6009174311927,219875.0
1131,H6NY03031,178.49195837275306,188666.0
1132,H8OH01043,716.3704819277109,237835.0
1133,H6PA12089,2195.769230769231,57090.0
1134,H6MI01200,410.69337694194604,502278.0
1135,H2CA26109,500.0,500.0
1136,P80001571,618.2338381931644,55676903.0
1137,H6MD06212,1483.1967213114754,361900.0
1138,H6OR04047,162.97325102880657,158410.0
1139,H8IN07184,552.4757281553398,113810.0
1140,P20002671,254.63492310082336,3278170.0
1141,H4MA03097,298.8,1494.0
1142,H6FL09195,1066.6666666666667,3200.0
1143,H4CA26147,1000.0,1000.0
1144,H4TN04130,2120.0,21200.0
1145,H8PR00062,175.0,1400.0
1146,H6VA05126,2700.0,5400.0
1147,H0FL04066,1756.4516129032259,54450.0
1148,H4MA06033,0.0,0.0
1149,H8CA12171,1110.2072072072071,123233.0
1150,H6TN08177,2700.0,13500.0
1151,S2OH00238,159.42307692307693,4145.0
1152,H4VA08224,772.4552102376599,422533.0
1153,H2MI04237,500.0,1000.0
1154,H2CA23114,17897.235294117647,304253.0
1155,H6LA02215,1880.0,47000.0
1156,H2MI11133,3620.0,18100.0
1157,H4NC03059,1215.0,48600.0
1158,H2CA50026,1379.5,66216.0
1159,H6NY10135,1050.0,2100.0
1160,H6CA25151,2700.0,8100.0
1161,H6IN09143,2700.0,2700.0
1162,H2TN05131,1325.0,55650.0
1163,S6MO00461,1796.0,5388.0
1164,H0IL05096,804.2372881355932,142350.0
1165,H6CA20152,952.1268656716418,510340.0
1166,H8OH11141,660.2923076923076,42919.0
1167,H6OR02116,655.4795008912656,367724.0
1168,H4ND01028,600.0,1800.0
1169,H6FL13148,1602.3444444444444,288422.0
1170,H6PA10125,36.6875,1174.0
1171,S4TN00351,950.0,1900.0
1172,H8IN07259,350.0,2800.0
1173,H6DE01071,408.2413793103448,59195.0
1174,H4NV01153,1800.0,1800.0
1175,H6LA04120,929.3767123287671,135689.0
1176,S4HI00102,325.0,1300.0
1177,P60007242,1226.388888888889,22075.0
1178,H4CA12055,1775.3671875,1817976.0
1179,H6TX25179,369.2133333333333,27691.0
1180,H6NY02124,198.9003984063745,49924.0
1181,H4CA25123,755.5302325581396,324878.0
1182,H2UT02324,1137.1224489795918,167157.0
1183,H0VA09055,471.1573033707865,83866.0
1184,S0KS00091,1146.4324324324325,424180.0
1185,H6WV02101,1850.0,14800.0
1186,H6NY21132,497.1200768491835,517502.0
1187,H6NY19243,133.13773898586865,1601647.0
1188,H6WI03099,845.8191489361702,79507.0
1189,H6MN05183,150.53634802518604,262987.0
1190,S4HI00136,1236.5778301886792,524309.0
1191,H6ME01215,2415.0,24150.0
1192,H2KY04121,883.1428571428571,136004.0
1193,H8NC07093,300.0,600.0
1194,H2TX35011,751.1586826347306,250887.0
1195,S0NH00219,612.9310344827586,17775.0
1196,H6CA20145,765.6382113821138,188347.0
1197,S4WY00097,682.0,1364.0
1198,H0GA07125,879.6153846153846,57175.0
1199,H6FL01150,2700.0,10800.0
1200,H6MI01234,536.4,5364.0
1201,H6MS01131,706.3030303030303,233080.0
1202,H0MI01104,1833.3333333333333,22000.0
1203,H0NY04057,1266.8,6334.0
1204,H2PR00065,2208.0,11040.0
1205,H2FL01100,2427.6190476190477,254900.0
1206,H0SC04257,346.3793352601156,479389.0
1207,H8IA02043,1625.0,6500.0
1208,H4CA47069,506.25,4050.0
1209,H4CA49107,13153.8,65769.0
1210,H8NY29032,1569.21875,100430.0
1211,S8AK00090,-1000.0,-2000.0
1212,H2NY14037,1110.9303482587065,223297.0
1213,H6FL18147,62244.01960784314,6348890.0
1214,H8PA05071,658.4533029612757,289061.0
1215,H4AZ07043,358.8361581920904,127028.0
1216,H6PA08244,2500.0,50000.0
1217,H8CA52052,917.8571428571429,77100.0
1218,H6CA24295,1628.4782608695652,74910.0
1219,H2CA06259,478.4805194805195,184215.0
1220,H6GA05217,664.4433497536946,134882.0
1221,H6OH16136,215.25,861.0
1222,H6FL19087,1550.4571428571428,271330.0
1223,H8ME01120,317.3114754098361,96780.0
1224,H6DE01097,0.0,0.0
1225,H4NJ05135,125.0,375.0
1226,H2PA18143,745.7291666666666,143180.0
1227,H2VA04052,1604.0995260663508,338465.0
1228,H6AZ09036,2212.5,44250.0
1229,H6PA14192,1166.6666666666667,7000.0
1230,H6NC08145,372.1149193548387,184569.0
1231,H6FL18139,2612.8205128205127,101900.0
1232,H6CA04156,120.18452380952381,20191.0
1233,S6CO00283,2625.3424657534247,191650.0
1234,H2IL17071,82.77203907203908,677903.0
1235,H6MD08473,1600.0,3200.0
1236,H0IN02125,926.4615384615385,313144.0
1237,H2NY03089,679.4223826714801,188200.0
1238,H6FL23097,0.0,0.0
1239,S6FL00434,1800.0,3600.0
1240,H6MA09180,764.2142857142857,21398.0
1241,H2NC09134,1017.1875,65100.0
1242,H4TX19102,2700.0,5400.0
1243,S8CO00172,-865.65,-17313.0
1244,H6AZ01215,1945.5555555555557,35020.0
1245,H6NY24177,343.47062621045836,532036.0
1246,P60007267,1755.0,1755.0
1247,H8TX10060,341.0,341.0
1248,H2CT05131,390.53017832647464,569393.0
1249,H4MA09052,220.14965986394557,32362.0
1250,S8NJ00012,704.3478260869565,16200.0
1251,H6FL18089,2300.0,9200.0
1252,H8FL15107,1077.579365079365,135775.0
1253,H6TX31045,80.95833333333333,3886.0
1254,H0AL07086,793.0522388059702,212538.0
1255,S0HI00126,1101.578947368421,41860.0
1256,H0FL18025,1146.9080459770114,399124.0
1257,S6AZ00019,799.7340221967088,2089705.0
1258,H6MD02211,320.3059701492537,85842.0
1259,H6GA09243,2700.0,5400.0
1260,H4MI06105,169.98518518518517,252428.0
1261,H4NY21111,638.7142857142857,4471.0
1262,H2CA27198,839.2575757575758,55391.0
1263,H4FL20023,522.7609223300971,430755.0
1264,H2CA16100,651.1398176291793,214225.0
1265,H0GA13032,2358.823529411765,40100.0
1266,H8FL00034,498.3456375838926,148507.0
1267,H4NJ03130,921.0053333333333,345377.0
1268,H6IL18088,752.471264367816,654650.0
1269,H4OR02178,10000.0,10000.0
1270,H6VA07130,622.7252747252747,56668.0
1271,H4LA05130,9800.0,9800.0
1272,H4FL14091,500.0,1500.0
1273,H4CA45097,494.5234042553191,116213.0
1274,H6IA04134,163.8918918918919,36384.0
1275,H4WA05077,833.657018813314,576057.0
1276,H0CA32101,917.1345029239766,313660.0
1277,H4CA20082,1190.908256880734,389427.0
1278,H4LA06153,1078.2350993377484,325627.0
1279,H6OK02225,40.333333333333336,121.0
1280,H6FL10169,300.0,300.0
1281,S2NE00094,1347.972972972973,49875.0
1282,S2TX00312,625.6477732793522,154535.0
1283,H0WI07051,651.8519163763066,374163.0
1284,S4NJ00185,1671.705035971223,232367.0
1285,H6NV01208,362.5,1450.0
1286,S6ID00112,700.7169811320755,297104.0
1287,H0PA06076,937.6958637469586,385393.0
1288,H0GA09030,1368.2758620689656,198400.0
1289,H6WI05110,255.12820512820514,9950.0
1290,S6AZ00217,2233.3333333333335,33500.0
1291,H4NY22051,830.7184684684685,368839.0
1292,H4WI03144,1100.0,2200.0
1293,H6SD01091,131.32906976744187,112943.0
1294,S8OR00207,111.02857142857142,3886.0
1295,H0CA33117,1131.5092592592594,122203.0
1296,H2SC02042,220.61660079051384,111632.0
1297,H6MS01172,587.8723404255319,27630.0
1298,H4IA01069,2464.5,4929.0
1299,H4MS02068,802.6851851851852,86690.0
1300,H6CA50258,347.1904761904762,7291.0
1301,H4TX18054,1437.943925233645,153860.0
1302,H0NV03058,2235.714285714286,125200.0
1303,S8WI00026,194.12188691945255,6921610.0
1304,H2AL03032,823.5068027210884,242111.0
1305,H6LA03114,414.4871794871795,16165.0
1306,H2HI02508,310.2256880733945,338146.0
1307,H6NY19219,2700.0,10800.0
1308,S2KY00012,1058.5365853658536,86800.0
1309,H6FL02240,402.0,2010.0
1310,H0TN06257,950.8241758241758,173050.0
1311,H2TX14149,1007.7401129943503,178370.0
1312,H6FL02190,1832.7631578947369,69645.0
1313,H4WV02080,605.1857707509881,306224.0
1314,H2CA39078,502.96120689655174,116687.0
1315,H4FL19074,1901.9607843137255,97000.0
1316,H6WY00142,2360.0,11800.0
1317,S6NV00341,500.0,500.0
1318,H6IL08170,546.3785714285714,152986.0
1319,H4TX04039,615.7826086956521,141630.0
1320,H6OH10113,7361.333333333333,22084.0
1321,H6IL08147,617.1151940545004,1494653.0
1322,S6NV00259,439.44444444444446,7910.0
1323,H6TN04184,2398.0582524271845,247000.0
1324,H0VA02084,1885.8333333333333,147095.0
1325,S6CO00309,2700.0,8100.0
1326,H6IN03252,1935.5714285714287,27098.0
1327,H6MD04209,557.4536082474227,216292.0
1328,H6NY01126,259.41605611847234,1664154.0
1329,S6OH00254,156.22020099224017,3684141.0
1330,P60009933,1039.0,3117.0
1331,H6MA01096,1035.7142857142858,7250.0
1332,H6NY13113,530.7692307692307,6900.0
1333,H2CA48095,409.0,5726.0
1334,H6TN08151,2193.3333333333335,131600.0
1335,H4CA26139,555.3761467889908,60536.0
1336,H6MD08531,2700.0,2700.0
1337,H2PA09035,1165.3600917431193,508097.0
1338,H6CO05159,1203.2758620689656,34895.0
1339,S6KS00080,765.7142857142857,26800.0
1340,S8KS00227,17656.0,88280.0
1341,H4KS02115,1000.0,1000.0
1342,S6SC04148,383.4782608695652,8820.0
1343,S4NC00162,1098.6765799256505,295544.0
1344,H6MN02123,2268.6746987951806,188300.0
1345,H6MD04225,25.0,25.0
1346,H4IL09074,358.3333333333333,2150.0
1347,H4OK06056,902.8688524590164,55075.0
1348,H6TX02079,646.9156626506024,268470.0
1349,H4LA06179,1000.0,1000.0
1350,H6IN03211,1500.0,6000.0
1351,H6NC09176,900.0,8100.0
1352,H0WA02080,603.6516853932584,53725.0
1353,H8MA05143,569.6691176470588,154950.0
1354,H4WA04104,633.7198067632851,131180.0
1355,H6FL14112,893.5714285714286,6255.0
1356,S6MO00305,828.1645569620254,65425.0
1357,H0TX23086,772.9455022980959,1177196.0
1358,H6IA01155,2630.8467741935483,652450.0
1359,H6IL11117,975.188679245283,155055.0
1360,H4CT04114,507.4056603773585,107570.0
1361,H0OH08029,1424.1619812583667,1063849.0
1362,S4LA00115,882.0308370044053,200221.0
1363,H4CA33119,1144.5338645418326,574556.0
1364,H4PA06052,685.0913978494624,127427.0
1365,H4WA07073,-324.0,-324.0
1366,H6NY03205,2226.6666666666665,133600.0
1367,H8MN06047,1859.2592592592594,150600.0
1368,P20003711,35.833333333333336,215.0
1369,H6RI01112,2700.0,10800.0
1370,H0PA03271,880.4982578397213,252703.0
1371,H0WV02104,693.2692307692307,54075.0
1372,H6OH12127,227.86274509803923,11621.0
1373,H8MN03069,526.9237804878048,864155.0
1374,H6NY18211,2700.0,2700.0
