,CAND_ID,numdonat
0,H0NH02181,135
1,H0IA04145,87
2,S0KS00232,39
3,P00013417,1
4,H0VA03124,3
5,H0MN05210,54
6,H4NY11138,12
7,H0TX11198,8
8,H6KY01110,9
9,S0FL00338,29
10,H0NY17190,20
11,H0AL05163,18
12,H0PA01309,30
13,H8VA01147,18
14,H0TX32079,17
15,H0NV03116,9
16,H0CA25220,1
17,H6TX15162,16
18,P00013433,3
19,H8CA34068,12
20,H6PR00082,45
21,H0NV03132,74
22,H8VA11070,2
23,H0NM02229,107
24,S0MT00173,1436
25,H0NC03172,40
26,H2OH17109,114
27,H0IL03117,1
28,H2TX31044,126
29,H8NJ05136,2
30,H8NJ02166,68
31,H0TX13228,19
32,H2TN07103,66
33,H0CA03078,90
34,H8CA41170,14
35,H0CT02199,26
36,S4SD00049,151
37,H0NY01202,47
38,H0MN04049,26
39,S0WY00160,2
40,H8CA12098,135
41,H0GA07265,3
42,H8TX02166,861
43,S0ID00180,22
44,H0OR02127,20
45,H2CA33048,20
46,H0TX17195,5
47,H2CA20094,266
48,S2TN00058,16
49,S6PA00217,34
50,H4CA11081,96
51,H0CA10073,4
52,H0TX22302,16
53,S2VA00142,41
54,H0KS03244,12
55,H8NY27176,14
56,H0GA07208,6
57,H0CA31129,7
58,S8ID00027,16
59,H0CA18068,17
60,H0CA25113,16
61,H0WI03142,2
62,H6FL07140,65
63,S0NC00327,4
64,H0MI03282,26
65,S8NJ00483,4
66,H0NY17208,12
67,H0SC05056,43
68,H2NV04045,1
69,H0IN08213,8
70,H0NY25094,3
71,S4LA00107,301
72,H0TX13137,3
73,H4NY04075,45
74,S0KY00156,40
75,S0NM00116,2
76,H8CT05245,84
77,H8AL02171,15
78,H0DC00058,14
79,H0NJ05174,17
80,H8NY07046,38
81,H0FL02086,2
82,H8MI08102,309
83,H0FL03159,3
84,H0NY11094,1
85,H0MN03124,33
86,H4PA21069,1
87,H8PA10147,28
88,H0VA11127,9
89,H0WI01120,6
90,H0NY16143,25
91,H0OR05104,5
92,H8MA08170,2
93,H0IN05326,48
94,P00006486,1130
95,H2CA15094,211
96,H0VA05160,28
97,S4IA00129,518
98,H8NM01331,104
99,H4TX10093,333
100,H6LA04138,37
101,H8SC04276,2
102,H0MD01216,2
103,H0GA07299,8
104,H8TX32098,605
105,H0TX01108,24
106,H0OH12179,139
107,H0NC09187,202
108,H0NJ03203,1
109,S8WV00119,33
110,H8SC04250,12
111,H2NY06116,38
112,H6CA44145,7
113,S0TN00144,146
114,H4NJ12149,10
115,H8IL09190,11
116,H8VA05114,75
117,H0FL04157,18
118,H8FL27086,2
119,S8TX00459,110
120,H0FL23108,4
121,H8CA16065,2
122,H0FL19080,49
123,H2AZ09035,49
124,H4NY24073,80
125,P00012039,2
126,H8PA18199,72
127,H2UT04023,3
128,S2ND00099,13
129,S6CA00584,49
130,P00010298,3215
131,P00014209,8
132,H0VA10160,18
133,H0CT05192,1
134,S0AL00156,1314
135,H0FL13125,1
136,H0CA16120,20
137,H6CA05195,23
138,H0WV03151,1
139,S4PA00121,190
140,H8NY19058,100
141,H8MD01094,45
142,S0NJ00258,3
143,H0UT01171,3
144,H6CA44103,38
145,H0OH04093,42
146,H8KS03155,178
147,H8TN06094,32
148,H0CA53131,6
149,H0KY06104,107
150,H0CA22094,2
151,H0OK05262,4
152,H0CA43108,216
153,H8CA29100,2
154,H6FL02208,16
155,H8IL14083,124
156,S0TX00324,5
157,H0WA08103,10
158,H6CA46116,39
159,H0FL22050,1
160,H8TX21307,291
161,S6OR00110,28
162,H0OR02168,159
163,H0AL02152,6
164,H6OH08315,16
165,H0IL14197,6
166,S8MS00196,9
167,H0IL14163,93
168,H0FL17068,2
169,H8CA45130,932
170,S0CO00567,8
171,H8TX06035,15
172,S4MS00120,1
173,H0VA06044,6
174,S8ID00092,85
175,H4TX24094,30
176,H8WI01156,162
177,H0TX24191,6
178,H6NY22098,21
179,S0KY00339,878
180,H8CA22139,1
181,H0IA01174,300
182,S0TX00233,122
183,H0VA04064,1
184,S8MI00281,13
185,H8TX07140,685
186,H8TX22313,581
187,H8IL16153,10
188,H0NY16135,1
189,H4PA13199,31
190,S2WA00189,44
191,H4NY21079,183
192,H6VT00160,5
193,H4IN01012,12
194,H6FL18097,57
195,H4GA12051,10
196,H0CA40138,1
197,H0FL21078,30
198,S6ID00104,2
199,H8TX16109,69
200,S0KS00240,52
201,S2MA00170,13
202,H4NC06052,18
203,H0NY24063,60
204,H8OH05036,56
205,S0TN00169,586
206,H8VA06104,43
207,H6PA02171,3
208,H6GA04129,1
209,H0TX21148,840
210,S6MT00162,21
211,H2IL02172,41
212,H0WA08046,24
213,H8CA08120,23
214,H0TX02080,10
215,H8TX25159,138
216,H8CA10209,154
217,H4IL12060,76
218,H6CA24303,256
219,H8MN03077,1
220,H0MN02134,31
221,S6MN00267,5
222,H0PA13114,3
223,H6PA08277,104
224,H0FL19122,69
225,H6MD03292,65
226,H0TX06099,96
227,H0KS01198,17
228,S6AZ00258,1
229,H6MI01226,38
230,H8GU01046,1
231,H6NE03115,13
232,H8FL03046,23
233,H0MI08141,21
234,H0NY02192,101
235,H0TN07255,9
236,S8ND00120,1
237,H8ND00096,18
238,S6WY00068,31
239,H0GA07323,15
240,H0WI05113,21
241,H0IL14213,8
242,H8NY02104,2
243,H0NC11233,40
244,S8MN00586,1
245,S8VA00297,2
246,H8MA02041,51
247,H8MO08098,4
248,H8NY24090,84
249,H4IA03115,192
250,H8FL06122,40
251,H0OH01081,25
252,H8MN01279,149
253,H0GA07257,20
254,H0MD07106,16
255,H0IL15129,70
256,H0MI03274,2
257,H4WI06048,37
258,H0NY22083,7
259,H2CA43245,130
260,H0NC07124,1
261,H8CA39240,261
262,H0FL26036,74
263,H0TN01134,2
264,H0UT01163,1
265,H0NJ02197,1
266,H8NH01210,127
267,H8CO02269,2
268,H0IL17083,155
269,H6WA04141,2
270,H4GA01039,52
271,H0TX22245,1
272,H2TX03126,12
273,H0NJ07279,25
274,H0KS03137,1
275,H0NY27108,39
276,H0GA12059,1
277,H0NY19196,2
278,H0OR02135,7
279,S0KS00349,19
280,H0PA08221,101
281,H4NJ09095,58
282,H0WA03187,186
283,H0TX22153,4
284,S2WI00219,24
285,H8CA05035,528
286,H0CA50145,7
287,H0MI02201,4
288,H2SC07066,31
289,H0OH04085,1
290,H0KS02188,23
291,S0IL00527,1
292,H0NC03149,80
293,H0NC02133,1
294,H8CO03192,34
295,H8AZ01237,35
296,H8IN04140,1
297,S4NJ00250,2
298,H0CA50111,10
299,H8IA01094,280
300,H2IL13120,140
301,H0NY10146,2
302,H2OH02085,64
303,H0MA10082,4
304,H0GA06168,28
305,H0PA10128,2
306,H4MT01033,15
307,H4FL26038,5
308,H8FL15230,46
309,S2IN00091,3
310,H8KS02199,22
311,H0KS01222,2
312,H0PA08205,3
313,H0IL14080,3
314,H0FL15104,6
315,H6FL09179,7
316,H0CA04175,289
317,H8AL04086,2
318,H0MI07150,28
319,H0NM03110,52
320,H2TX27190,9
321,H0VA10186,27
322,S0IA00200,12
323,H0MA08037,19
324,H0CA52083,10
325,H0NY03083,7
326,H2FL23021,10
327,H0MA04184,16
328,H0IN05250,7
329,H0CA50178,125
330,H6NJ13191,3
331,H6CO01141,23
332,H0TX24175,6
333,H8MA07032,42
334,H8GA13027,3
335,H2CA52089,56
336,S0AR00218,2
337,S0WV00215,33
338,H0SC02061,92
339,H0OR04099,6
340,H4MA03022,13
341,H0LA01087,217
342,S8TN00311,116
343,P00014407,67
344,H0OH01099,290
345,H2MI05119,9
346,H6AZ05125,1
347,S0ND00093,11
348,H8MD06168,23
349,H6FL22081,1
350,S6NH00091,47
351,H8TX23147,1
352,H8GA08118,1
353,H8LA03037,1
354,H0MA08045,6
355,H8CA50098,270
356,H8MA03171,2
357,H0CA37167,2
358,H6MN07304,1
359,H2NY17071,61
360,H2NV02395,25
361,H0PA01325,113
362,H0KY03259,1
363,H0CA25147,1
364,H8NY19181,390
365,H8CA01257,156
366,H6AZ05083,28
367,H2CA08164,11
368,H0WI01104,1
369,H0PA08239,1
370,H0TX31147,1
371,H0AZ01408,2
372,P00015941,4
373,H0CT05234,2
374,H8VA02111,256
375,H6NJ08118,34
376,H0FL01153,2
377,H8NJ03073,61
378,S6UT00063,6
379,H6MI04113,50
380,S8UT00176,4
381,H6FL13205,189
382,H0NY14247,12
383,H0NY02234,4
384,H2TX23082,79
385,H4NY27076,11
386,H0TX11230,196
387,H0GA14030,4
388,H0VA07109,10
389,H0WV02179,35
390,H0FL05170,1
391,H4NC10047,46
392,S0OH00133,262
393,S4GA11285,697
394,H4CA45089,143
395,H6GA03113,43
396,H0OH07146,1
397,H0NY11078,140
398,P00009795,269
399,H8KY02031,7
400,H8CA10126,966
401,S8WA00194,2
402,H0CO06119,67
403,H8NY19215,3
404,H0CA03144,6
405,H6IN09176,5
406,H8KS04112,67
407,H0KS03236,73
408,H8NY23183,60
409,H4AR04048,64
410,H0TX24159,25
411,H0NM03227,2
412,H6MN02131,159
413,H0NM03185,22
414,H0NY27116,8
415,H2CA36439,154
416,H0IL16184,4
417,P00009910,155
418,H0NY02200,13
419,P00013524,190
420,H0PA11183,1
421,H0CA08101,206
422,S0KY00396,32
423,H0FL07143,19
424,H0TX32087,438
425,H6FL04105,34
426,H8IN06129,29
427,S0NM00066,43
428,H0IN07256,4
429,P00011999,162
430,H8AK00140,104
431,H0KS03228,37
432,H6KY03124,4
433,H8CO02160,51
434,H0VA05145,142
435,P00011866,140
436,H2IA05072,6
437,H0NJ02171,32
438,H4CA23011,19
439,H0DC01015,3
440,H0IL04081,1
441,H8NJ02232,4
442,H2MD02160,15
443,S6OH00163,20
444,S8TX00285,182
445,H8IL06139,1050
446,S0IA00028,35
447,H0TN01076,4
448,H8CA04152,99
449,P00012716,145
450,H0TX17161,2
451,H0CA34131,14
452,H0MI08166,4
453,H2SC02059,56
454,H8WV03048,1
455,H8SC05158,8
456,H0CA10263,4
457,H0CA25154,131
458,H0NY15293,1
459,P80006117,950
460,H0IL15194,3
461,H0MI11145,1
462,H6IL11133,1
463,H8VA05155,3
464,H8NJ04014,28
465,H8OH16090,1
466,S0KS00257,47
467,H2OH03125,27
468,H8PA15260,12
469,P00009621,551
470,H0MN07109,15
471,H0AR03055,35
472,H2MI14111,13
473,H2OK04055,51
474,H0WA06099,1
475,H0IA02164,1
476,S0KY00321,14
477,H0FL19171,12
478,H6TX08100,136
479,H8MT01182,3
480,S0KY00420,39
481,H8AL03062,2
482,S8MN00636,2
483,H8WV03097,19
484,H0FL19197,4
485,H8ME02185,118
486,H0NV04049,1
487,S4NE00090,206
488,S0IL00543,20
489,H0CA53115,81
490,H0NC08254,260
491,H0TX22260,1
492,H8FL27193,167
493,H8CO06294,2
494,H2CA31125,117
495,H0OH02139,26
496,H0TX28069,3
497,S0CO00500,190
498,H0VA08198,3
499,H0CA25105,146
500,H6CO07023,11
501,H8NC08109,6
502,S6NV00200,49
503,H0OR04107,121
504,H0TN01084,13
505,H0IL11052,82
506,H6OR03064,45
507,H8AZ01104,35
508,H8NC13067,217
509,H0TX35015,45
510,H8OH16108,67
511,H8ID02064,18
512,H0NV04080,1
513,H0VA07158,35
514,H6NY03247,112
515,H8NY21203,17
516,H8IN04199,2
517,H8TX14120,21
518,H6NE02125,144
519,H8FL27037,42
520,H0FL07184,4
521,H8CA49058,379
522,H8GA06393,381
523,S0WY00137,28
524,S0TX00258,80
525,H0IN02190,53
526,H0GA07224,41
527,H0KY02095,4
528,H4GA11061,6
529,H8VA10106,314
530,S8WV00143,3
531,H8FL17053,12
532,H8WI06098,1
533,H0RI02139,39
534,H0VA10194,34
535,S8NM00200,4
536,S0NH00326,39
537,H8NH02275,5
538,H0NY01186,97
539,H8MN08068,3
540,H0MO01066,7
541,H0PA08197,2
542,H0TX02098,2
543,S0IL00618,1
544,H8TX22107,27
545,H8WI05165,6
546,H0NJ02148,20
547,H6NV04020,238
548,H2NY22139,153
549,H0MA01081,23
550,H8NM02156,160
551,H0OR02150,71
552,H8OH16124,77
553,H6MD08457,83
554,H0TX32111,2
555,H0MI13471,1
556,S0VA00146,57
557,H8MP00041,14
558,S2NV00183,30
559,H8NY20056,22
560,H0UT04035,14
561,H6MD08549,23
562,H8MI11338,1
563,H0NM03201,5
564,S0TX00266,26
565,P00012054,10
566,H0CA34115,2
567,H0CA28182,141
568,S0NY00410,4
569,H8CA12262,84
570,H8PA04116,62
571,H2FL13139,1
572,H0CA03128,24
573,H0GA14048,4
574,H8NM02248,382
575,H0TX11263,6
576,S2HI00106,7
577,H0CO03157,25
578,H8CO06229,203
579,H8NY01148,227
580,H0MS04120,12
581,H2NY10092,169
582,H2GA12121,29
583,S0MO00183,100
584,S0TX00332,1
585,H4NE01064,89
586,H0AZ01259,8
587,H2MO02102,184
588,H2OH14064,109
589,H0TX02106,398
590,S0WI00197,10
591,H4MN06087,34
592,H0NV04015,34
593,H4AL06098,37
594,H0IN01135,24
595,H4TX19136,11
596,H8CA52037,6
597,S8MO00160,76
598,H0FL07119,1
599,H0NY29054,70
600,H8NH02283,3
601,H0MI03126,60
602,H0CA20122,9
603,P00011239,28
604,S0IA00150,12
605,H0TX03112,8
606,H0WI03175,34
607,H6NC04037,35
608,H8OK01157,34
609,H6TX12060,114
610,H0HI02155,13
611,P00009423,762
612,H0TX07188,2
613,H6WA07458,100
614,H0TN01118,6
615,H0NE01120,105
616,H0NV04056,15
617,H6CO03139,48
618,H0CT05200,32
619,H0FL18207,3
620,S8NV00156,44
621,H4NC01046,41
622,H0NC06225,1
623,H0TX31048,3
624,H0IL10351,1
625,H0NY14346,154
626,H0PA12199,1
627,H0NY15178,12
628,H4AR02141,172
629,H0UT02310,2
630,S0MN00328,90
631,H8NY10099,1
632,H8AR03074,1
633,H0NY19188,1
634,H0NH01282,51
635,H0NY04123,2
636,H0IL14189,18
637,H8CA34266,26
638,H2NV04011,117
639,H6TX24149,1
640,H2TX00015,7
641,H0UT01205,7
642,S0WV00090,1
643,H0FL15088,19
644,H0TN03254,44
645,H0OH01115,1
646,H0MI03308,128
647,H2NC08185,199
648,H6VA01117,6
649,H6MI07223,2
650,H8PA06087,193
651,H0UT04027,2
652,H0CA27085,393
653,H0VA02118,67
654,H0CA15262,6
655,H0FL22118,3
656,H8UT04053,314
657,S8NY00082,57
658,H0NV04031,4
659,H0NC09286,74
660,H8AZ08158,30
661,H0SC04281,4
662,H0WA10042,8
663,H6MD07020,5
664,H0AR01083,35
665,H0ND01042,4
666,H0MD07387,1
667,S0ME00145,32
668,H0CO05129,1
669,H8NY19223,22
670,S6WY00126,1
671,P00008003,3
672,S0KS00299,44
673,S8AZ00197,76
674,H6CA48245,22
675,H0TX10216,9
676,P00009183,315
677,H2CA28113,65
678,H4MA06090,145
679,H2WA06129,66
680,H2NY13096,30
681,H0NY24055,28
682,H8MS03125,33
683,S0SC00289,1435
684,H0AL01055,23
685,H0IL06052,8
686,H8PA07200,63
687,H0FL19205,16
688,H2CA02142,24
689,S6IL00151,355
690,H0TX19068,5
691,H0VA05178,56
692,H8TX05144,60
693,S0IA00176,1525
694,H0FL26028,8
695,H2FL14053,53
696,H6IN03229,21
697,H0AL02145,162
698,H8IL14067,178
699,H0TX21114,1
700,H2OH09031,27
701,H0TX07170,495
702,H0TX36013,9
703,S8MN00578,318
704,H0NY14270,2
705,H8NY25105,26
706,H8NV03036,20
707,H0GA07232,23
708,H4NC12100,37
709,S0CO00518,82
710,S0CO00450,1
711,H6FL18121,3
712,H6CA22125,792
713,H0MN07091,51
714,H0MO07113,45
715,H0MD06231,12
716,H8FL18010,4
717,H4CO04090,2
718,H8OK05109,187
719,S0MA00208,562
720,H0AZ06068,1
721,H0WA03161,75
722,H0TX03120,7
723,H0IN05219,191
724,P00011833,104
725,H2MD05155,62
726,H6CA31134,3
727,H8IA03124,308
728,H0FL08208,19
729,H0TX22278,1
730,S6RI00221,5
731,S4AK00099,39
732,H6IA02146,4
733,S6GA00119,22
734,H0MT00090,35
735,H0GA09220,1
736,H2PA04135,107
737,H0PA10110,218
738,H8FL07088,9
739,H2FL25018,53
740,H4PA18131,10
741,H8CT01046,19
742,H0CA26145,27
743,H0MO04086,65
744,S8AZ00221,872
745,H0RI01073,64
746,H0NY02267,10
747,H6WA07425,1
748,H0NM01197,6
749,H0CA06162,2
750,H0CA27127,2
751,H0PA17107,1
752,H0CA35146,11
753,S0IA00168,4
754,H8MS04438,1
755,H4TX09095,22
756,S0NH00334,44
757,H2GA13012,8
758,S0NM00124,175
759,H4AL01123,4
760,H0FL19114,39
761,H0FL03233,2
762,H2CA37023,60
763,H8IL09067,114
764,S0KY00461,1
765,H2GA09150,26
766,H0IA02156,184
767,S0NM00090,13
768,H0AR02206,244
769,S6NJ00289,50
770,H2MN07014,16
771,H0PA17099,1
772,H8CO04083,1
773,H0OH09167,4
774,S6IL00292,40
775,H0NY15244,7
776,H0NJ04151,14
777,S0SD00088,2
778,H6WI08155,180
779,H0OK05213,11
780,H0NY18172,94
781,H8PA18181,185
782,H2NC11080,15
783,S4VT00017,2
784,H2WI02124,13
785,H6TN09068,8
786,S8DE00079,5
787,H8NY15148,59
788,H8WV01075,1
789,H6OH04082,464
790,S0AL00297,2
791,H6CA49102,9
792,H4NJ01084,78
793,S8NM00184,71
794,H0NJ05190,48
795,H0TX36021,2
796,H2IL01042,6
797,H0NC03248,2
798,H0GA14097,1
799,S0AL00289,70
800,H8NY01155,65
801,H6AK00045,45
802,H0GA13131,1
803,S4GA11103,8
804,H0GA06192,4
805,H0MA04192,10
806,H6DE00206,27
807,H8MN05239,68
808,H0WA10034,9
809,H8WA03198,94
810,H0AL02194,11
811,H0OH18077,6
812,S8AL00308,15
813,H0NY14239,1
814,H6NC13129,113
815,S0NJ00191,4
816,S2NM00088,2
817,S6IN00191,36
818,S6MD03441,57
819,H2NJ10154,5
820,S0VA00179,10
821,H0MN08156,16
822,H8TN02119,34
823,S8MS00261,146
824,H8TX02067,1
825,H8CA49108,240
826,P80000722,4403
827,H0UT01114,8
828,H4WI04183,14
829,H0FL03241,14
830,H8IL14174,725
831,H8CA39174,383
832,H8CA09060,129
833,H8TX29110,2
834,H2SC07108,5
835,S0AL00230,77
836,H0IL12100,15
837,H0OH04119,5
838,P00011338,10
839,H0CA22102,349
840,H0TX02114,3
841,H4IL03077,49
842,H8NC10097,3
843,H2CA00104,5
844,H2TX26093,88
845,H8IA04106,161
846,H0SC01394,173
847,H8TX23121,691
848,H6WY00159,55
849,H0FL03209,9
850,H6AL04098,53
851,H0NC06241,4
852,H8WV02107,25
853,H8NY09158,10
854,H0UT04092,1
855,H8NY06048,14
856,H8OK02148,1
857,H8MI13250,68
858,H0CA45095,17
859,H0NY10096,2
860,H8AZ02201,8
861,H0KS02170,4
862,H8CA51062,6
863,H8FL27185,172
864,H0IA04129,1
865,S0AZ00350,1582
866,H0NJ03211,10
867,H8MN03143,105
868,S4CO00395,667
869,H0IL03109,3
870,H0MD07122,3
871,H0GA14113,4
872,H0IN05276,13
873,H0AZ01358,5
874,H8MI11254,184
875,H4TX10028,32
876,H0IA04137,11
877,H0VA01235,54
878,H0FL19189,8
879,H0PA06175,2
880,H8AZ06103,7
881,H0ME02083,9
882,H0AL02087,10
883,S4MA00028,502
884,H0NY17281,1
885,H4TX04153,34
886,H0CT03155,42
887,H0IN08114,11
888,H6TX19099,97
889,S0UT00165,17
890,S0ME00103,12
891,S0GA00591,3
892,S0CO00286,93
893,H8TN09114,1
894,H4CA16049,50
895,H0MI11129,10
896,H0VA05152,2
897,S0AL00206,156
898,H0WI07101,2
899,H0OK05247,10
900,H0OH03103,37
901,H0TX22310,108
902,H2AZ07070,27
903,H0CA24157,137
904,H0GA05277,13
905,H4IL07037,2
906,H2OR01133,15
907,S0AL00263,15
908,H6FL09070,32
909,H0NH01290,1
910,H0UT04076,12
911,H0FL13133,76
912,H8MO09153,15
913,H0NJ05208,12
914,H8MI09118,33
915,H0NV04064,2
916,H0NC11258,12
917,H0PA12181,74
918,H4MI12079,17
919,H4TX13014,16
920,H4MI07103,78
921,S0CO00575,786
922,H0NM03078,4
923,S4OK00083,178
924,H8CA20059,1127
925,H8UT03238,21
926,H8NC09123,1190
927,H0FL09081,2
928,H0NM03193,1
929,H4FL15155,20
930,H8IN02177,90
931,H2TX14123,2
932,H4MI04118,8
933,H6FL11126,6
934,H0TX17104,6
935,H8TN07076,58
936,H0NY17174,28
937,S4AR00103,393
938,S0GA00393,67
939,H8TX10185,62
940,H0WA10083,1
941,H0ME02075,8
942,H0GA11036,20
943,H0NM03144,2
944,H8VA05171,15
945,H2CA00120,118
946,S4OK00232,7
947,S4LA00065,285
948,H0CA45087,188
949,H0IN02232,4
950,H0NJ10208,4
951,S0MA00232,25
952,H6PA16320,30
953,S0DE00092,331
954,H0FL20120,1
955,H0NY17224,3
956,S0AR00150,8
957,H8CA01109,44
958,H8FL26039,285
959,H0AR04087,3
960,H8OR02161,1
961,P00016063,5
962,H0CA08135,15
963,H2FL08063,50
964,S6ME00159,1023
965,P00010793,547
966,S8MI00372,482
967,H0SC03077,15
968,H0NY20111,10
969,H6AZ01199,94
970,S8MA00268,3
971,H4CA24142,3
972,H0MN01045,99
973,H0AZ08072,5
974,S8WI00216,3
975,H0MA04143,5
976,H8ME01203,1
977,H0AZ02265,4
978,H0MD02230,2
979,H2TX33040,38
980,P00013276,4
981,H0CA10149,43
982,H8NY12129,32
983,H2PA17079,228
984,H0MI10295,23
985,H0FL07168,1
986,H0MI03290,6
987,S0DE00191,8
988,H8DE01044,25
989,H0WV01072,7
990,H8WI01131,2
991,S0LA00345,3
992,S2CT00132,6
993,H4AS00036,2
994,H0LA05120,10
995,H4AZ06045,80
996,S0OK00370,15
997,H0NE02169,8
998,H0TX32053,5
999,S0CO00468,416
1000,H8MI06155,2
1001,P00007823,1
1002,H8WI09050,1
1003,H8GA06286,134
1004,H0TX11172,27
1005,H0MO04235,1
1006,H8WA08189,175
1007,H0OH14084,58
1008,H8SC01116,480
1009,S2TX00106,1226
1010,H2IL10068,279
1011,H8MO01143,4
1012,H2VI00082,3
1013,H0NY17273,21
1014,H0PA06167,31
1015,H0NV02209,15
1016,H0OH06189,62
1017,H8MT01232,271
1018,H6NJ05171,446
1019,H0MO06073,12
1020,H0UT04043,9
1021,H8LA02054,9
1022,H0TX12246,24
1023,S2MT00096,1054
1024,H0IL11110,1
1025,H6FL01119,65
1026,P00014126,1
1027,H0NJ02155,18
1028,H0GA07273,48
1029,H8OR05107,17
1030,H0TN04195,18
1031,S8NE00216,7
1032,H8IN06152,5
1033,H4MO08162,13
1034,H8FL13136,7
1035,H8PA08174,1
1036,H0KY06179,139
1037,S0NC00319,1
1038,H8FL18028,1
1039,H6NJ01204,20
1040,H0MI02094,37
1041,H6WA09025,26
1042,H0MN02159,6
1043,S0NM00058,355
1044,H8TX10110,18
1045,H0AR03105,12
1046,H8PA09032,1
1047,S0SC00149,1188
1048,H8CT04172,54
1049,H8ID02148,9
1050,H8VA11062,55
1051,H2OK02083,13
1052,H8FL06148,71
1053,H0VA07125,6
1054,P00011312,33
1055,H2CT02112,20
1056,H8OH15076,56
1057,S4MI00355,906
1058,H0AZ07082,1
1059,S6VA00093,544
1060,H8NJ07223,307
1061,S4SC00240,73
1062,S0KS00208,63
1063,H0NJ07261,192
1064,H0CA53107,150
1065,H0CA25170,2
1066,H0PA04279,22
1067,H4MI04126,18
1068,H8FL27029,2
1069,H6VA04061,15
1070,H8MI03079,10
1071,H0FL13141,1
1072,H2GA02031,13
1073,H0CT03072,87
1074,H8AZ08083,118
1075,H8OH13154,8
1076,S6RI00163,111
1077,H0TX24209,233
1078,S0CT00177,27
1079,H0KY05015,9
1080,H8PR00054,3
1081,H0TX05109,60
1082,S8MA00276,1
1083,H8IL04134,23
1084,H2NC07096,42
1085,H2NC13110,3
1086,H4CA35031,21
1087,H0IN05243,20
1088,S8VA00354,3
1089,H8PA15229,280
1090,S2SD00068,71
1091,H2NY00010,16
1092,P00010520,84
1093,S0AK00196,270
1094,H2TX33073,29
1095,P00016741,4
1096,S6IN00175,1
1097,H0NC02158,21
1098,H2HI02128,7
1099,S8MN00552,1
1100,H6FL13197,3
1101,H2OH03067,56
1102,H8MI06171,2
1103,H0TX11214,2
1104,H0PA16034,26
1105,P00015537,5
1106,H0NM01189,17
1107,H6MD07160,33
1108,S4AK00214,439
1109,H0GA08099,15
1110,H0NY05088,1
1111,H6CA24113,63
1112,H0NC11175,104
1113,H8NJ03206,236
1114,H4NC05146,114
1115,H2MA09072,10
1116,S0KS00323,249
1117,H8CA48035,439
1118,H6LA03148,32
1119,H4MO05234,7
1120,H0GA02258,2
1121,H8CA28185,2
1122,S0IL00568,2
1123,H6TX34031,2
1124,H8MI02113,1
1125,H0OH05074,29
1126,S2MD00529,1
1127,H6TN01388,6
1128,H6NY11174,1
1129,H0AL01089,6
1130,H0IL06060,223
1131,H0CA45129,90
1132,H0PA17115,137
1133,H0MA04176,140
1134,H8TX29052,16
1135,H0OH10116,121
1136,H8NY22151,209
1137,H0NY15269,1
1138,H0TX13129,10
1139,S6AL00195,63
1140,H0TX33010,2
1141,S4OR00156,3
1142,H8IL13150,534
1143,H0NY14296,134
1144,H0MA06148,3
1145,H4MA05084,67
1146,H0NM03136,43
1147,H8OH01043,193
1148,H0NY14254,11
1149,H0ID01311,18
1150,H0CA48198,183
1151,H8FL01107,15
1152,H8NY11113,450
1153,P80001571,688
1154,H6MD06212,2
1155,H0FL03175,44
1156,H0NY10070,41
1157,H6OR04047,34
1158,H8IN07184,33
1159,H0NC11191,7
1160,H0PA07132,47
1161,S0TN00318,1
1162,H0TN03452,4
1163,H8CA49074,81
1164,H0FL19155,6
1165,H0CA16138,18
1166,H8CA12171,36
1167,S0ME00111,708
1168,H0TX28077,20
1169,H4VA08224,74
1170,H0CA17193,20
1171,H0FL22084,4
1172,H2CA50026,9
1173,S0GA00401,24
1174,H2TN05131,24
1175,H8CA09144,1
1176,H0IL05096,19
1177,H6CA20152,36
1178,H8OH11141,8
1179,S0MA00182,3
1180,H0NC11183,1
1181,H6OR02116,5
1182,H0MO02254,84
1183,H6FL13148,158
1184,H8NV02095,1
1185,H0VA02092,7
1186,H0CA45103,8
1187,H8CA25074,204
1188,S0NC00202,3558
1189,H0TX23177,1
1190,H0CO03165,2
1191,H0MI03316,36
1192,H8OH12297,2
1193,H4CA12055,495
1194,P00014357,5
1195,H0AZ02190,8
1196,H4CA25123,4
1197,S0MT00132,64
1198,H0TX32103,1
1199,H0OH11098,5
1200,H2UT02324,38
1201,H0VA09055,7
1202,H0MI06152,70
1203,S0KS00091,17
1204,H0OH15149,1
1205,H0NY27132,9
1206,H0SC07029,5
1207,H6WI03099,20
1208,S8FL00273,13
1209,S4HI00136,45
1210,H8CA22154,2
1211,H2KY04121,34
1212,H2TX35011,20
1213,H8PA13125,23
1214,S0NH00219,658
1215,H0GA07125,8
1216,H8TX31033,1
1217,H0TX24183,3
1218,H6MS01131,54
1219,H0NY15186,2
1220,H8NY10081,8
1221,H8MO07223,1
1222,H8GA07201,210
1223,S4WV00159,157
1224,H8IA02043,95
1225,H0UT02302,29
1226,H0TX11248,4
1227,H0MD05225,7
1228,H8TX03123,121
1229,H2NY14037,103
1230,H0NV04072,6
1231,H8PA05071,75
1232,H4AZ07043,47
1233,S0NH00300,1
1234,H0NY15160,50
1235,S4TX00433,2
1236,H8CA52052,1
1237,H2CA06259,53
1238,H0WA10075,17
1239,H0WV01114,2
1240,H6GA05217,56
1241,S8MS00287,306
1242,H6FL19087,3
1243,H0OK05205,2
1244,H8ME01120,4
1245,H8TX27049,70
1246,H8NJ11142,220
1247,H0PA10102,8
1248,H0MA04267,1
1249,H2IL17071,166
1250,H0WI06186,1
1251,H8OH12180,25
1252,H2NY03089,26
1253,H0WA10059,4
1254,H0TX22187,29
1255,H0KY04133,3
1256,H0CA10271,22
1257,H0NC02083,24
1258,H0IA02180,96
1259,H0NY03075,1
1260,H0KS02196,21
1261,H0FL26010,25
1262,H0KS01172,37
1263,H0TX15124,4
1264,H8FL15107,29
1265,H0FL16094,111
1266,H6GA09243,1
1267,H0AL07086,46
1268,H0TX24142,6
1269,H0TX26154,3
1270,H0ME01119,1
1271,H0MA04168,30
1272,H0PA05094,4
1273,H0CA48156,2
1274,H4FL20023,73
1275,H0UT03193,23
1276,H6IL18088,57
1277,H0TX34042,2
1278,H0SC01386,11
1279,H6NC09200,18
1280,H4WA05077,67
1281,H0MD07197,23
1282,H0CA32101,29
1283,H0MT00108,1
1284,H0GA11028,1
1285,H0MI14230,8
1286,H4CA20082,91
1287,H4LA06153,18
1288,H0CA36185,2
1289,H8MA03106,62
1290,S2NE00094,3
1291,H0OK02210,2
1292,H0FL08265,2
1293,H8ID01124,11
1294,S0NM00074,4
1295,H8WA01077,1
1296,H0NV04023,6
1297,S2TX00312,102
1298,H0FL23041,6
1299,H0WI07051,5
1300,S4NJ00185,734
1301,S8GA00180,793
1302,H8SD01055,51
1303,H0GA09030,8
1304,H8VA07094,293
1305,H0AZ02232,15
1306,H0NC02125,277
1307,H0IL07175,15
1308,H4NY22051,83
1309,S8OR00207,262
1310,H0CA33117,126
1311,H0MA04200,10
1312,H0GA06184,3
1313,P00009092,328
1314,H8TX05086,1
1315,H0AZ04535,4
1316,H0MN05178,122
1317,H2SC02042,92
1318,H0NM03102,84
1319,H4MS02068,35
1320,H0FL18199,15
1321,H8MI13243,11
1322,H0FL06145,2
1323,H0FL13158,23
1324,H0FL23090,3
1325,H4TX18054,37
1326,H2AL03032,48
1327,H0IN05201,9
1328,H0CA09125,6
1329,S2KY00012,1456
1330,H4WV02080,79
1331,H8LA03060,2
1332,H0ME02067,53
1333,H2TX14149,51
1334,H0MI10279,18
1335,S0TN00227,5
1336,S0KS00315,125
1337,H2CA39078,29
1338,H0WA10109,2
1339,H0TX23276,4
1340,H0TX23268,3
1341,H0CA53123,3
1342,H4TX04039,25
1343,H0IN01150,13
1344,H8MN08043,76
1345,H6IL08147,723
1346,P00010454,328
1347,H6MD04209,37
1348,H0NY27090,8
1349,H0UT04050,30
1350,H0TX24167,33
1351,H0NY12175,2
1352,H8AZ09040,63
1353,H8CA10167,627
1354,H0NY17265,42
1355,S0DE00183,3
1356,H0VA07133,46
1357,H6CO05159,2
1358,S8IN00171,6
1359,S6KS00080,5
1360,H4MT00050,258
1361,S8TN00337,92
1362,S4NC00162,1111
1363,H0CA09109,2
1364,H0MI11111,1
1365,H4OK06056,6
1366,S0SD00070,3
1367,H6TX02079,76
1368,H0CA23167,55
1369,H8TN02176,19
1370,H0KS01123,102
1371,H0FL19221,73
1372,H8TX06233,29
1373,H0KY04117,2
1374,H0MI08133,3
1375,H0UT01155,1
1376,H0WA02080,7
1377,H6FL14112,1
1378,H4WA04104,15
1379,H0NY15194,19
1380,S6MO00305,12
1381,H0TX23086,175
1382,H8VA04026,1
1383,H8NE02220,122
1384,H0PA14138,10
1385,H8IL03102,125
1386,H0IL11128,23
1387,H4CA33119,147
1388,H0WI08125,4
1389,S0CO00559,1
1390,H8UT02305,2
1391,H0TX09176,5
1392,H0IN09179,10
1393,S0VA00104,42
1394,H0PA03271,35
1395,S0NJ00217,2
1396,H8NY21245,133
